STATE,STATENAME,ST_CASE,PEDS,PERNOTMVIT,VE_TOTAL,VE_FORMS,PVH_INVL,PERSONS,PERMVIT,COUNTY,COUNTYNAME,CITY,CITYNAME,MONTH,MONTHNAME,DAY,DAYNAME,DAY_WEEK,DAY_WEEKNAME,YEAR,HOUR,HOURNAME,MINUTE,MINUTENAME,TWAY_ID,TWAY_ID2,ROUTE,ROUTENAME,RUR_URB,RUR_URBNAME,FUNC_SYS,FUNC_SYSNAME,RD_OWNER,RD_OWNERNAME,NHS,NHSNAME,SP_JUR,SP_JURNAME,MILEPT,MILEPTNAME,LATITUDE,LATITUDENAME,LONGITUD,LONGITUDNAME,HARM_EV,HARM_EVNAME,MAN_COLL,MAN_COLLNAME,RELJCT1,RELJCT1NAME,RELJCT2,RELJCT2NAME,TYP_INT,TYP_INTNAME,REL_ROAD,REL_ROADNAME,WRK_ZONE,WRK_ZONENAME,LGT_COND,LGT_CONDNAME,WEATHER,WEATHERNAME,SCH_BUS,SCH_BUSNAME,RAIL,RAILNAME,NOT_HOUR,NOT_HOURNAME,NOT_MIN,NOT_MINNAME,ARR_HOUR,ARR_HOURNAME,ARR_MIN,ARR_MINNAME,HOSP_HR,HOSP_HRNAME,HOSP_MN,HOSP_MNNAME,FATALS
8,Colorado,80150,0,0,1,1,0,2,2,41,EL PASO (41),0,NOT APPLICABLE,4,April,20,20,4,Wednesday,2022,22,10:00pm-10:59pm,25,25,I-25,NA,1,Interstate,2,Urban,1,Interstate,1,State Highway Agency,1,This section IS ON the NHS,0,No Special Jurisdiction,1595,1595,39.07410278,39.07410278,-104.85816389,-104.85816389,1,Rollover/Overturn,0,The First Harmful Event was Not a Collision with a Motor Vehicle in Transport,0,No,1,Non-Junction,1,Not an Intersection,4,On Roadside,0,None,2,Dark - Not Lighted,1,Clear,0,No,0000000,Not Applicable,99,Unknown,99,Unknown,99,Unknown EMS Scene Arrival Hour,99,Unknown EMS Scene Arrival Minutes,99,Unknown,99,Unknown EMS Hospital Arrival Time,1
8,Colorado,80151,0,0,1,1,0,1,1,23,COSTILLA (23),0,NOT APPLICABLE,4,April,20,20,4,Wednesday,2022,22,10:00pm-10:59pm,40,40,CR-21,NA,4,County Road,1,Rural,6,Minor Collector,2,County Highway Agency,0,This section IS NOT on the NHS,0,No Special Jurisdiction,0,None,37.0729,37.0729,-105.39061389,-105.39061389,1,Rollover/Overturn,0,The First Harmful Event was Not a Collision with a Motor Vehicle in Transport,0,No,1,Non-Junction,1,Not an Intersection,4,On Roadside,0,None,3,Dark - Lighted,1,Clear,0,No,0000000,Not Applicable,22,10:00pm-10:59pm,44,44,23,11:00pm-11:59pm,1,1,88,Not Applicable (Not Transported),88,Not Applicable (Not Transported),1
8,Colorado,80152,0,0,3,3,0,2,2,41,EL PASO (41),0,NOT APPLICABLE,4,April,1,1,6,Friday,2022,6,6:00am-6:59am,15,15,CR-CALHAN HWY,NA,4,County Road,1,Rural,6,Minor Collector,2,County Highway Agency,0,This section IS NOT on the NHS,0,No Special Jurisdiction,0,None,38.83111111,38.83111111,-104.25885556,-104.25885556,12,Motor Vehicle In-Transport,7,Sideswipe - Same Direction,0,No,1,Non-Junction,1,Not an Intersection,1,On Roadway,0,None,2,Dark - Not Lighted,1,Clear,0,No,0000000,Not Applicable,99,Unknown,99,Unknown,99,Unknown EMS Scene Arrival Hour,99,Unknown EMS Scene Arrival Minutes,99,Unknown,99,Unknown EMS Hospital Arrival Time,1
8,Colorado,80153,0,0,1,1,0,1,1,59,JEFFERSON (59),80,ARVADA,4,April,21,21,5,Thursday,2022,1,1:00am-1:59am,55,55,W 56TH AVE,MARSHALL ST,6,Local Street - Municipality,2,Urban,5,Major Collector,4,City or Municipal Highway Agency,0,This section IS NOT on the NHS,0,No Special Jurisdiction,0,None,39.79837778,39.79837778,-105.0674,-105.0674,33,Curb,0,The First Harmful Event was Not a Collision with a Motor Vehicle in Transport,0,No,3,Intersection-Related,3,T-Intersection,3,On Median,0,None,3,Dark - Lighted,1,Clear,0,No,0000000,Not Applicable,2,2:00am-2:59am,3,3,2,2:00am-2:59am,8,8,88,Not Applicable (Not Transported),88,Not Applicable (Not Transported),1
8,Colorado,80154,0,0,1,1,0,2,2,79,MINERAL (79),0,NOT APPLICABLE,4,April,21,21,5,Thursday,2022,5,5:00am-5:59am,3,3,US-160,NA,2,US Highway,1,Rural,3,Principal Arterial - Other,1,State Highway Agency,1,This section IS ON the NHS,0,No Special Jurisdiction,1563,1563,37.41206944,37.41206944,-106.89708889,-106.89708889,31,"Post, Pole or Other Supports",0,The First Harmful Event was Not a Collision with a Motor Vehicle in Transport,0,No,1,Non-Junction,1,Not an Intersection,4,On Roadside,0,None,2,Dark - Not Lighted,1,Clear,0,No,0000000,Not Applicable,5,5:00am-5:59am,22,22,5,5:00am-5:59am,50,50,6,6:00am-6:59am,31,31,1
8,Colorado,80155,0,0,1,1,0,1,1,85,MONTROSE (85),0,NOT APPLICABLE,4,April,20,20,4,Wednesday,2022,23,11:00pm-11:59pm,0,0,SR-90,NA,3,State Highway,2,Urban,4,Minor Arterial,1,State Highway Agency,0,This section IS NOT on the NHS,0,No Special Jurisdiction,891,891,38.47449167,38.47449167,-107.88988611,-107.88988611,32,Culvert,0,The First Harmful Event was Not a Collision with a Motor Vehicle in Transport,0,No,1,Non-Junction,1,Not an Intersection,4,On Roadside,0,None,2,Dark - Not Lighted,1,Clear,0,No,0000000,Not Applicable,99,Unknown,99,Unknown,99,Unknown EMS Scene Arrival Hour,99,Unknown EMS Scene Arrival Minutes,88,Not Applicable (Not Transported),88,Not Applicable (Not Transported),1
8,Colorado,80156,0,0,2,2,0,5,5,121,WASHINGTON (121),0,NOT APPLICABLE,4,April,22,22,6,Friday,2022,14,2:00pm-2:59pm,41,41,I-76,NA,1,Interstate,1,Rural,1,Interstate,1,State Highway Agency,1,This section IS ON the NHS,0,No Special Jurisdiction,1043,1043,40.37991111,40.37991111,-103.39218889,-103.39218889,12,Motor Vehicle In-Transport,2,Front-to-Front,0,No,1,Non-Junction,1,Not an Intersection,1,On Roadway,0,None,1,Daylight,6,Severe Crosswinds,0,No,0000000,Not Applicable,14,2:00pm-2:59pm,42,42,14,2:00pm-2:59pm,55,55,99,Unknown,99,Unknown EMS Hospital Arrival Time,1
8,Colorado,80157,0,0,3,3,0,3,3,41,EL PASO (41),430,COLORADO SPRINGS,4,April,4,4,2,Monday,2022,12,12:00pm-12:59pm,38,38,N UNION BLVD,NA,6,Local Street - Municipality,2,Urban,3,Principal Arterial - Other,4,City or Municipal Highway Agency,1,This section IS ON the NHS,0,No Special Jurisdiction,0,None,38.85934444,38.85934444,-104.79429167,-104.79429167,12,Motor Vehicle In-Transport,2,Front-to-Front,0,No,1,Non-Junction,1,Not an Intersection,1,On Roadway,0,None,1,Daylight,1,Clear,0,No,0000000,Not Applicable,12,12:00pm-12:59pm,38,38,12,12:00pm-12:59pm,39,39,99,Unknown,99,Unknown EMS Hospital Arrival Time,1
8,Colorado,80158,0,0,1,1,0,1,1,31,DENVER (31),600,DENVER,4,April,11,11,2,Monday,2022,22,10:00pm-10:59pm,44,44,E 56TH AVE,NA,6,Local Street - Municipality,2,Urban,3,Principal Arterial - Other,4,City or Municipal Highway Agency,1,This section IS ON the NHS,0,No Special Jurisdiction,0,None,39.79802222,39.79802222,-104.82891389,-104.82891389,42,Tree (Standing Only),0,The First Harmful Event was Not a Collision with a Motor Vehicle in Transport,0,No,1,Non-Junction,1,Not an Intersection,4,On Roadside,0,None,2,Dark - Not Lighted,1,Clear,0,No,0000000,Not Applicable,22,10:00pm-10:59pm,48,48,22,10:00pm-10:59pm,51,51,88,Not Applicable (Not Transported),88,Not Applicable (Not Transported),1
8,Colorado,80159,0,0,1,1,0,1,1,123,WELD (123),870,FORT LUPTON,4,April,15,15,6,Friday,2022,6,6:00am-6:59am,18,18,US-85,NA,2,US Highway,2,Urban,2,Principal Arterial - Other Freeways and Expressways,1,State Highway Agency,1,This section IS ON the NHS,0,No Special Jurisdiction,2401,2401,40.05874722,40.05874722,-104.81883333,-104.81883333,1,Rollover/Overturn,0,The First Harmful Event was Not a Collision with a Motor Vehicle in Transport,0,No,1,Non-Junction,1,Not an Intersection,4,On Roadside,0,None,1,Daylight,1,Clear,0,No,0000000,Not Applicable,6,6:00am-6:59am,19,19,6,6:00am-6:59am,26,26,7,7:00am-7:59am,3,3,1
8,Colorado,80160,0,0,2,2,0,2,2,31,DENVER (31),600,DENVER,4,April,12,12,3,Tuesday,2022,12,12:00pm-12:59pm,17,17,W 38TH AVE,N QUIVAS ST,6,Local Street - Municipality,2,Urban,4,Minor Arterial,4,City or Municipal Highway Agency,0,This section IS NOT on the NHS,0,No Special Jurisdiction,0,None,39.76921944,39.76921944,-105.00807222,-105.00807222,12,Motor Vehicle In-Transport,6,Angle,0,No,2,Intersection,2,Four-Way Intersection,1,On Roadway,0,None,1,Daylight,1,Clear,0,No,0000000,Not Applicable,12,12:00pm-12:59pm,17,17,12,12:00pm-12:59pm,28,28,88,Not Applicable (Not Transported),88,Not Applicable (Not Transported),1
8,Colorado,80161,0,0,2,2,0,3,3,5,ARAPAHOE (5),110,AURORA,4,April,26,26,3,Tuesday,2022,23,11:00pm-11:59pm,6,6,S BUCKLEY RD,E MEXICO AVE,6,Local Street - Municipality,2,Urban,3,Principal Arterial - Other,4,City or Municipal Highway Agency,1,This section IS ON the NHS,0,No Special Jurisdiction,0,None,39.68586111,39.68586111,-104.79111111,-104.79111111,1,Rollover/Overturn,0,The First Harmful Event was Not a Collision with a Motor Vehicle in Transport,0,No,3,Intersection-Related,2,Four-Way Intersection,1,On Roadway,0,None,3,Dark - Lighted,1,Clear,0,No,0000000,Not Applicable,23,11:00pm-11:59pm,6,6,23,11:00pm-11:59pm,8,8,88,Not Applicable (Not Transported),88,Not Applicable (Not Transported),1
8,Colorado,80162,0,0,2,2,0,2,2,1,ADAMS (1),0,NOT APPLICABLE,4,April,27,27,4,Wednesday,2022,3,3:00am-3:59am,5,5,I-76,NA,1,Interstate,2,Urban,1,Interstate,1,State Highway Agency,1,This section IS ON the NHS,0,No Special Jurisdiction,126,126,39.88076667,39.88076667,-104.88580556,-104.88580556,12,Motor Vehicle In-Transport,1,Front-to-Rear,0,No,1,Non-Junction,1,Not an Intersection,1,On Roadway,0,None,2,Dark - Not Lighted,1,Clear,0,No,0000000,Not Applicable,3,3:00am-3:59am,4,4,3,3:00am-3:59am,9,9,3,3:00am-3:59am,37,37,1
8,Colorado,80163,0,0,2,2,0,3,3,67,LA PLATA (67),0,NOT APPLICABLE,4,April,27,27,4,Wednesday,2022,22,10:00pm-10:59pm,19,19,US-160,NA,2,US Highway,1,Rural,3,Principal Arterial - Other,1,State Highway Agency,1,This section IS ON the NHS,0,No Special Jurisdiction,1011,1011,37.22109167,37.22109167,-107.62822222,-107.62822222,12,Motor Vehicle In-Transport,2,Front-to-Front,0,No,1,Non-Junction,1,Not an Intersection,1,On Roadway,0,None,2,Dark - Not Lighted,1,Clear,0,No,0000000,Not Applicable,99,Unknown,99,Unknown,99,Unknown EMS Scene Arrival Hour,99,Unknown EMS Scene Arrival Minutes,99,Unknown,99,Unknown EMS Hospital Arrival Time,2
8,Colorado,80164,0,0,3,3,0,4,4,65,LAKE (65),0,NOT APPLICABLE,4,April,29,29,6,Friday,2022,17,5:00pm-5:59pm,35,35,SR-91,NA,3,State Highway,1,Rural,4,Minor Arterial,1,State Highway Agency,0,This section IS NOT on the NHS,0,No Special Jurisdiction,80,80,39.349,39.349,-106.22118889,-106.22118889,12,Motor Vehicle In-Transport,2,Front-to-Front,0,No,1,Non-Junction,1,Not an Intersection,1,On Roadway,0,None,1,Daylight,1,Clear,0,No,0000000,Not Applicable,17,5:00pm-5:59pm,55,55,18,6:00pm-6:59pm,3,3,18,6:00pm-6:59pm,27,27,1
8,Colorado,80165,0,0,1,1,0,1,1,41,EL PASO (41),0,NOT APPLICABLE,4,April,30,30,7,Saturday,2022,3,3:00am-3:59am,0,0,I-25,NA,1,Interstate,2,Urban,1,Interstate,1,State Highway Agency,1,This section IS ON the NHS,0,No Special Jurisdiction,1608,1608,39.09291667,39.09291667,-104.86308611,-104.86308611,30,Utility Pole/Light Support,0,The First Harmful Event was Not a Collision with a Motor Vehicle in Transport,0,No,1,Non-Junction,1,Not an Intersection,4,On Roadside,0,None,3,Dark - Lighted,1,Clear,0,No,0000000,Not Applicable,99,Unknown,99,Unknown,99,Unknown EMS Scene Arrival Hour,99,Unknown EMS Scene Arrival Minutes,88,Not Applicable (Not Transported),88,Not Applicable (Not Transported),1
8,Colorado,80166,0,0,1,1,0,3,3,35,DOUGLAS (35),0,NOT APPLICABLE,4,April,30,30,7,Saturday,2022,14,2:00pm-2:59pm,3,3,SR-470   C-470,NA,3,State Highway,2,Urban,2,Principal Arterial - Other Freeways and Expressways,1,State Highway Agency,1,This section IS ON the NHS,0,No Special Jurisdiction,188,188,39.55874444,39.55874444,-105.00111111,-105.00111111,59,Traffic Sign Support,0,The First Harmful Event was Not a Collision with a Motor Vehicle in Transport,1,Yes,19,Other location within Interchange Area,1,Not an Intersection,3,On Median,0,None,1,Daylight,1,Clear,0,No,0000000,Not Applicable,14,2:00pm-2:59pm,0,0,14,2:00pm-2:59pm,5,5,14,2:00pm-2:59pm,24,24,2
8,Colorado,80167,0,0,1,1,0,1,1,75,LOGAN (75),0,NOT APPLICABLE,4,April,30,30,7,Saturday,2022,23,11:00pm-11:59pm,53,53,CR-25,NA,4,County Road,1,Rural,5,Major Collector,2,County Highway Agency,0,This section IS NOT on the NHS,0,No Special Jurisdiction,0,None,40.54068056,40.54068056,-103.34908333,-103.34908333,31,"Post, Pole or Other Supports",0,The First Harmful Event was Not a Collision with a Motor Vehicle in Transport,0,No,1,Non-Junction,1,Not an Intersection,4,On Roadside,0,None,2,Dark - Not Lighted,1,Clear,0,No,0000000,Not Applicable,23,11:00pm-11:59pm,53,53,0,0:00am-0:59am,7,7,88,Not Applicable (Not Transported),88,Not Applicable (Not Transported),1
8,Colorado,80168,0,0,2,2,0,3,3,31,DENVER (31),600,DENVER,4,April,8,8,6,Friday,2022,18,6:00pm-6:59pm,10,10,CALIFORNIA ST,22ND ST,6,Local Street - Municipality,2,Urban,5,Major Collector,4,City or Municipal Highway Agency,0,This section IS NOT on the NHS,0,No Special Jurisdiction,0,None,39.75078889,39.75078889,-104.98498889,-104.98498889,12,Motor Vehicle In-Transport,6,Angle,0,No,2,Intersection,2,Four-Way Intersection,1,On Roadway,0,None,1,Daylight,1,Clear,0,No,0000000,Not Applicable,18,6:00pm-6:59pm,11,11,18,6:00pm-6:59pm,20,20,18,6:00pm-6:59pm,28,28,1
8,Colorado,80169,0,0,2,2,0,2,2,31,DENVER (31),600,DENVER,4,April,9,9,7,Saturday,2022,3,3:00am-3:59am,15,15,SR-95   S SHERIDAN BLVD,SR-26   W ALAMEDA AVE,3,State Highway,2,Urban,3,Principal Arterial - Other,1,State Highway Agency,1,This section IS ON the NHS,0,No Special Jurisdiction,40,40,39.71131667,39.71131667,-105.05322778,-105.05322778,12,Motor Vehicle In-Transport,6,Angle,0,No,2,Intersection,2,Four-Way Intersection,1,On Roadway,0,None,3,Dark - Lighted,1,Clear,0,No,0000000,Not Applicable,99,Unknown,99,Unknown,99,Unknown EMS Scene Arrival Hour,99,Unknown EMS Scene Arrival Minutes,99,Unknown,99,Unknown EMS Hospital Arrival Time,1
8,Colorado,80170,0,0,2,2,0,7,7,101,PUEBLO (101),2050,PUEBLO,4,April,23,23,7,Saturday,2022,2,2:00am-2:59am,24,24,SR-96   W 4TH ST,NA,3,State Highway,2,Urban,3,Principal Arterial - Other,1,State Highway Agency,1,This section IS ON the NHS,0,No Special Jurisdiction,553,553,38.27053889,38.27053889,-104.62002222,-104.62002222,33,Curb,0,The First Harmful Event was Not a Collision with a Motor Vehicle in Transport,0,No,1,Non-Junction,1,Not an Intersection,3,On Median,0,None,3,Dark - Lighted,1,Clear,0,No,0000000,Not Applicable,2,2:00am-2:59am,24,24,2,2:00am-2:59am,31,31,2,2:00am-2:59am,41,41,2
8,Colorado,80171,0,0,3,3,0,3,3,41,EL PASO (41),430,COLORADO SPRINGS,4,April,4,4,2,Monday,2022,14,2:00pm-2:59pm,27,27,ACADEMY BLVD,E BIJOU ST,6,Local Street - Municipality,2,Urban,3,Principal Arterial - Other,4,City or Municipal Highway Agency,1,This section IS ON the NHS,0,No Special Jurisdiction,0,None,38.83578333,38.83578333,-104.7575,-104.7575,12,Motor Vehicle In-Transport,6,Angle,0,No,2,Intersection,2,Four-Way Intersection,1,On Roadway,0,None,1,Daylight,1,Clear,0,No,0000000,Not Applicable,14,2:00pm-2:59pm,27,27,14,2:00pm-2:59pm,32,32,14,2:00pm-2:59pm,45,45,1
8,Colorado,80172,0,0,1,1,0,2,2,41,EL PASO (41),430,COLORADO SPRINGS,4,April,7,7,5,Thursday,2022,0,0:00am-0:59am,59,59,S CIRCLE DR RAMP,NA,6,Local Street - Municipality,2,Urban,7,Local,4,City or Municipal Highway Agency,0,This section IS NOT on the NHS,0,No Special Jurisdiction,0,None,38.79986111,38.79986111,-104.77925,-104.77925,1,Rollover/Overturn,0,The First Harmful Event was Not a Collision with a Motor Vehicle in Transport,1,Yes,5,Entrance/Exit Ramp Related,1,Not an Intersection,3,On Median,0,None,3,Dark - Lighted,1,Clear,0,No,0000000,Not Applicable,1,1:00am-1:59am,0,0,1,1:00am-1:59am,5,5,99,Unknown,99,Unknown EMS Hospital Arrival Time,1
8,Colorado,80173,0,0,1,1,0,1,1,1,ADAMS (1),2427,THORNTON,4,April,20,20,4,Wednesday,2022,15,3:00pm-3:59pm,51,51,SR-7,NA,3,State Highway,1,Rural,3,Principal Arterial - Other,1,State Highway Agency,1,This section IS ON the NHS,0,No Special Jurisdiction,705,705,39.98640556,39.98640556,-104.94576944,-104.94576944,1,Rollover/Overturn,0,The First Harmful Event was Not a Collision with a Motor Vehicle in Transport,0,No,1,Non-Junction,1,Not an Intersection,1,On Roadway,0,None,1,Daylight,1,Clear,0,No,0000000,Not Applicable,99,Unknown,99,Unknown,99,Unknown EMS Scene Arrival Hour,99,Unknown EMS Scene Arrival Minutes,99,Unknown,99,Unknown EMS Hospital Arrival Time,1
8,Colorado,80174,0,0,3,3,0,5,5,89,OTERO (89),0,NOT APPLICABLE,4,April,26,26,3,Tuesday,2022,11,11:00am-11:59am,22,22,US-50,SR-71,2,US Highway,1,Rural,3,Principal Arterial - Other,1,State Highway Agency,1,This section IS ON the NHS,0,No Special Jurisdiction,3670,3670,38.06421667,38.06421667,-103.74766667,-103.74766667,12,Motor Vehicle In-Transport,6,Angle,0,No,2,Intersection,2,Four-Way Intersection,1,On Roadway,0,None,1,Daylight,1,Clear,0,No,0000000,Not Applicable,99,Unknown,99,Unknown,99,Unknown EMS Scene Arrival Hour,99,Unknown EMS Scene Arrival Minutes,99,Unknown,99,Unknown EMS Hospital Arrival Time,1
8,Colorado,80175,0,0,2,2,0,2,2,41,EL PASO (41),430,COLORADO SPRINGS,4,April,8,8,6,Friday,2022,11,11:00am-11:59am,56,56,E WOODMAN RD,HAVENWOOD DR,6,Local Street - Municipality,2,Urban,3,Principal Arterial - Other,4,City or Municipal Highway Agency,1,This section IS ON the NHS,0,No Special Jurisdiction,0,None,38.94022778,38.94022778,-104.74827778,-104.74827778,12,Motor Vehicle In-Transport,6,Angle,0,No,2,Intersection,2,Four-Way Intersection,1,On Roadway,0,None,1,Daylight,1,Clear,0,No,0000000,Not Applicable,11,11:00am-11:59am,58,58,12,12:00pm-12:59pm,4,4,88,Not Applicable (Not Transported),88,Not Applicable (Not Transported),1
8,Colorado,80176,0,0,2,2,0,2,2,123,WELD (123),0,NOT APPLICABLE,4,April,17,17,1,Sunday,2022,9,9:00am-9:59am,4,4,SR-392,NA,3,State Highway,1,Rural,5,Major Collector,1,State Highway Agency,0,This section IS NOT on the NHS,0,No Special Jurisdiction,1373,1373,40.58136944,40.58136944,-104.3412,-104.3412,54,"Motor Vehicle In-Transport Strikes or is Struck by Cargo, Persons or Objects Set-in-Motion from/by Another Motor Vehicle In Transport",11,Other,0,No,1,Non-Junction,1,Not an Intersection,1,On Roadway,0,None,1,Daylight,1,Clear,0,No,0000000,Not Applicable,9,9:00am-9:59am,4,4,9,9:00am-9:59am,15,15,10,10:00am-10:59am,7,7,1
8,Colorado,80177,1,1,1,1,0,2,2,5,ARAPAHOE (5),110,AURORA,4,April,23,23,7,Saturday,2022,22,10:00pm-10:59pm,11,11,US-40   E COLFAX AVE,NA,2,US Highway,2,Urban,3,Principal Arterial - Other,1,State Highway Agency,1,This section IS ON the NHS,0,No Special Jurisdiction,3052,3052,39.74008333,39.74008333,-104.85442778,-104.85442778,8,Pedestrian,0,The First Harmful Event was Not a Collision with a Motor Vehicle in Transport,0,No,1,Non-Junction,1,Not an Intersection,1,On Roadway,0,None,3,Dark - Lighted,1,Clear,0,No,0000000,Not Applicable,22,10:00pm-10:59pm,11,11,22,10:00pm-10:59pm,15,15,22,10:00pm-10:59pm,23,23,1
8,Colorado,80178,1,1,1,1,0,3,3,5,ARAPAHOE (5),110,AURORA,4,April,25,25,2,Monday,2022,20,8:00pm-8:59pm,55,55,SR-30   S HAVANA ST,E VIRGINIA AVE,3,State Highway,2,Urban,3,Principal Arterial - Other,1,State Highway Agency,1,This section IS ON the NHS,0,No Special Jurisdiction,65,65,39.70736111,39.70736111,-104.86589167,-104.86589167,8,Pedestrian,0,The First Harmful Event was Not a Collision with a Motor Vehicle in Transport,0,No,3,Intersection-Related,2,Four-Way Intersection,1,On Roadway,0,None,3,Dark - Lighted,10,Cloudy,0,No,0000000,Not Applicable,20,8:00pm-8:59pm,55,55,21,9:00pm-9:59pm,0,0,88,Not Applicable (Not Transported),88,Not Applicable (Not Transported),1
8,Colorado,80179,0,0,2,2,0,5,5,41,EL PASO (41),430,COLORADO SPRINGS,4,April,26,26,3,Tuesday,2022,22,10:00pm-10:59pm,14,14,BRIARGATE PKWY,CHAPEL HILLS DR,6,Local Street - Municipality,2,Urban,4,Minor Arterial,4,City or Municipal Highway Agency,0,This section IS NOT on the NHS,0,No Special Jurisdiction,0,None,38.94442222,38.94442222,-104.79229444,-104.79229444,12,Motor Vehicle In-Transport,6,Angle,0,No,2,Intersection,2,Four-Way Intersection,1,On Roadway,0,None,3,Dark - Lighted,1,Clear,0,No,0000000,Not Applicable,22,10:00pm-10:59pm,17,17,22,10:00pm-10:59pm,24,24,22,10:00pm-10:59pm,50,50,2
8,Colorado,80180,0,0,2,2,0,2,2,41,EL PASO (41),430,COLORADO SPRINGS,4,April,28,28,5,Thursday,2022,0,0:00am-0:59am,2,2,S MARKSHEFFEL RD,NA,6,Local Street - Municipality,2,Urban,3,Principal Arterial - Other,4,City or Municipal Highway Agency,1,This section IS ON the NHS,0,No Special Jurisdiction,0,None,38.80483333,38.80483333,-104.66595556,-104.66595556,12,Motor Vehicle In-Transport,2,Front-to-Front,0,No,1,Non-Junction,1,Not an Intersection,1,On Roadway,0,None,2,Dark - Not Lighted,1,Clear,0,No,0000000,Not Applicable,0,0:00am-0:59am,4,4,0,0:00am-0:59am,11,11,99,Unknown,99,Unknown EMS Hospital Arrival Time,1
8,Colorado,80181,0,0,2,2,0,2,2,77,MESA (77),0,NOT APPLICABLE,2,February,20,20,1,Sunday,2022,8,8:00am-8:59am,20,20,I-70,NA,1,Interstate,1,Rural,1,Interstate,1,State Highway Agency,1,This section IS ON the NHS,0,No Special Jurisdiction,593,593,39.29298889,39.29298889,-108.22305556,-108.22305556,12,Motor Vehicle In-Transport,8,Sideswipe - Opposite Direction,0,No,1,Non-Junction,1,Not an Intersection,1,On Roadway,0,None,1,Daylight,1,Clear,0,No,0000000,Not Applicable,99,Unknown,99,Unknown,99,Unknown EMS Scene Arrival Hour,99,Unknown EMS Scene Arrival Minutes,99,Unknown,99,Unknown EMS Hospital Arrival Time,1
8,Colorado,80182,1,1,1,1,0,2,2,101,PUEBLO (101),0,NOT APPLICABLE,5,May,5,5,5,Thursday,2022,13,1:00pm-1:59pm,8,8,I-25,NA,1,Interstate,2,Urban,1,Interstate,1,State Highway Agency,1,This section IS ON the NHS,0,No Special Jurisdiction,1077,1077,38.39713611,38.39713611,-104.6184,-104.6184,8,Pedestrian,0,The First Harmful Event was Not a Collision with a Motor Vehicle in Transport,0,No,1,Non-Junction,1,Not an Intersection,2,On Shoulder,0,None,1,Daylight,1,Clear,0,No,0000000,Not Applicable,99,Unknown,99,Unknown,99,Unknown EMS Scene Arrival Hour,99,Unknown EMS Scene Arrival Minutes,88,Not Applicable (Not Transported),88,Not Applicable (Not Transported),1
8,Colorado,80183,0,0,1,1,0,1,1,101,PUEBLO (101),0,NOT APPLICABLE,5,May,6,6,6,Friday,2022,14,2:00pm-2:59pm,36,36,CR-PINON RD,NA,4,County Road,1,Rural,7,Local,2,County Highway Agency,0,This section IS NOT on the NHS,0,No Special Jurisdiction,0,None,38.42972222,38.42972222,-104.60011111,-104.60011111,24,Guardrail Face,0,The First Harmful Event was Not a Collision with a Motor Vehicle in Transport,0,No,1,Non-Junction,1,Not an Intersection,4,On Roadside,0,None,1,Daylight,10,Cloudy,0,No,0000000,Not Applicable,99,Unknown,99,Unknown,99,Unknown EMS Scene Arrival Hour,99,Unknown EMS Scene Arrival Minutes,88,Not Applicable (Not Transported),88,Not Applicable (Not Transported),1
8,Colorado,80184,0,0,1,1,0,1,1,59,JEFFERSON (59),0,NOT APPLICABLE,5,May,7,7,7,Saturday,2022,13,1:00pm-1:59pm,8,8,CR-PLEASANT PARK RD,NA,4,County Road,1,Rural,6,Minor Collector,2,County Highway Agency,0,This section IS NOT on the NHS,0,No Special Jurisdiction,0,None,39.49773056,39.49773056,-105.22555556,-105.22555556,1,Rollover/Overturn,0,The First Harmful Event was Not a Collision with a Motor Vehicle in Transport,0,No,1,Non-Junction,1,Not an Intersection,1,On Roadway,0,None,1,Daylight,1,Clear,0,No,0000000,Not Applicable,13,1:00pm-1:59pm,9,9,14,2:00pm-2:59pm,7,7,88,Not Applicable (Not Transported),88,Not Applicable (Not Transported),1
8,Colorado,80185,0,0,3,3,0,5,5,15,CHAFFEE (15),0,NOT APPLICABLE,5,May,7,7,7,Saturday,2022,17,5:00pm-5:59pm,31,31,US-24,CR-371,2,US Highway,1,Rural,4,Minor Arterial,1,State Highway Agency,0,This section IS NOT on the NHS,0,No Special Jurisdiction,2012,2012,38.95972222,38.95972222,-106.20233889,-106.20233889,12,Motor Vehicle In-Transport,1,Front-to-Rear,0,No,3,Intersection-Related,3,T-Intersection,1,On Roadway,0,None,1,Daylight,10,Cloudy,0,No,0000000,Not Applicable,99,Unknown,99,Unknown,99,Unknown EMS Scene Arrival Hour,99,Unknown EMS Scene Arrival Minutes,99,Unknown,99,Unknown EMS Hospital Arrival Time,1
8,Colorado,80186,0,0,1,1,0,1,1,41,EL PASO (41),0,NOT APPLICABLE,5,May,7,7,7,Saturday,2022,22,10:00pm-10:59pm,30,30,US-24,NA,2,US Highway,1,Rural,3,Principal Arterial - Other,1,State Highway Agency,1,This section IS ON the NHS,0,No Special Jurisdiction,3494,3494,39.12267778,39.12267778,-104.15996944,-104.15996944,52,Guardrail End,0,The First Harmful Event was Not a Collision with a Motor Vehicle in Transport,0,No,1,Non-Junction,1,Not an Intersection,4,On Roadside,0,None,2,Dark - Not Lighted,1,Clear,0,No,0000000,Not Applicable,99,Unknown,99,Unknown,99,Unknown EMS Scene Arrival Hour,99,Unknown EMS Scene Arrival Minutes,88,Not Applicable (Not Transported),88,Not Applicable (Not Transported),1