STATE,STATENAME,ST_CASE,PEDS,PERNOTMVIT,VE_TOTAL,VE_FORMS,PVH_INVL,PERSONS,PERMVIT,COUNTY,COUNTYNAME,CITY,CITYNAME,MONTH,MONTHNAME,DAY,DAYNAME,DAY_WEEK,DAY_WEEKNAME,YEAR,HOUR,HOURNAME,MINUTE,MINUTENAME,TWAY_ID,TWAY_ID2,ROUTE,ROUTENAME,RUR_URB,RUR_URBNAME,FUNC_SYS,FUNC_SYSNAME,RD_OWNER,RD_OWNERNAME,NHS,NHSNAME,SP_JUR,SP_JURNAME,MILEPT,MILEPTNAME,LATITUDE,LATITUDENAME,LONGITUD,LONGITUDNAME,HARM_EV,HARM_EVNAME,MAN_COLL,MAN_COLLNAME,RELJCT1,RELJCT1NAME,RELJCT2,RELJCT2NAME,TYP_INT,TYP_INTNAME,REL_ROAD,REL_ROADNAME,WRK_ZONE,WRK_ZONENAME,LGT_COND,LGT_CONDNAME,WEATHER,WEATHERNAME,SCH_BUS,SCH_BUSNAME,RAIL,RAILNAME,NOT_HOUR,NOT_HOURNAME,NOT_MIN,NOT_MINNAME,ARR_HOUR,ARR_HOURNAME,ARR_MIN,ARR_MINNAME,HOSP_HR,HOSP_HRNAME,HOSP_MN,HOSP_MNNAME,FATALS
8,Colorado,80187,1,1,1,1,0,1,1,1,ADAMS (1),2550,WESTMINSTER,5,May,9,9,2,Monday,2022,1,1:00am-1:59am,59,59,I-25,NA,1,Interstate,2,Urban,1,Interstate,1,State Highway Agency,1,This section IS ON the NHS,0,No Special Jurisdiction,2260,2260,39.95711667,39.95711667,-104.98813611,-104.98813611,8,Pedestrian,0,The First Harmful Event was Not a Collision with a Motor Vehicle in Transport,0,No,1,Non-Junction,1,Not an Intersection,1,On Roadway,0,None,3,Dark - Lighted,1,Clear,0,No,0000000,Not Applicable,2,2:00am-2:59am,2,2,2,2:00am-2:59am,10,10,88,Not Applicable (Not Transported),88,Not Applicable (Not Transported),1
8,Colorado,80188,1,1,1,1,0,1,1,109,SAGUACHE (109),0,NOT APPLICABLE,5,May,6,6,6,Friday,2022,2,2:00am-2:59am,30,30,CR-49 1/2,NA,4,County Road,1,Rural,7,Local,2,County Highway Agency,0,This section IS NOT on the NHS,0,No Special Jurisdiction,0,None,37.76138889,37.76138889,-106.10310556,-106.10310556,8,Pedestrian,0,The First Harmful Event was Not a Collision with a Motor Vehicle in Transport,0,No,1,Non-Junction,1,Not an Intersection,1,On Roadway,0,None,2,Dark - Not Lighted,1,Clear,0,No,0000000,Not Applicable,99,Unknown,99,Unknown,99,Unknown EMS Scene Arrival Hour,99,Unknown EMS Scene Arrival Minutes,99,Unknown,99,Unknown EMS Hospital Arrival Time,1
8,Colorado,80189,0,0,2,2,0,2,2,101,PUEBLO (101),0,NOT APPLICABLE,5,May,6,6,6,Friday,2022,21,9:00pm-9:59pm,12,12,CR-S MCCULLOCH BLVD,NA,4,County Road,2,Urban,4,Minor Arterial,2,County Highway Agency,0,This section IS NOT on the NHS,0,No Special Jurisdiction,0,None,38.32838056,38.32838056,-104.74171111,-104.74171111,33,Curb,0,The First Harmful Event was Not a Collision with a Motor Vehicle in Transport,0,No,1,Non-Junction,1,Not an Intersection,3,On Median,0,None,2,Dark - Not Lighted,1,Clear,0,No,0000000,Not Applicable,21,9:00pm-9:59pm,15,15,21,9:00pm-9:59pm,21,21,99,Unknown,99,Unknown EMS Hospital Arrival Time,1
8,Colorado,80190,0,0,2,2,0,5,5,1,ADAMS (1),2427,THORNTON,5,May,8,8,1,Sunday,2022,18,6:00pm-6:59pm,54,54,WASHINGTON ST,E 84TH AVE,6,Local Street - Municipality,2,Urban,3,Principal Arterial - Other,4,City or Municipal Highway Agency,1,This section IS ON the NHS,0,No Special Jurisdiction,0,None,39.84896111,39.84896111,-104.97780556,-104.97780556,12,Motor Vehicle In-Transport,6,Angle,0,No,2,Intersection,2,Four-Way Intersection,1,On Roadway,0,None,1,Daylight,1,Clear,0,No,0000000,Not Applicable,18,6:00pm-6:59pm,54,54,19,7:00pm-7:59pm,0,0,99,Unknown,99,Unknown EMS Hospital Arrival Time,1
8,Colorado,80191,0,0,2,2,0,2,2,69,LARIMER (69),860,FORT COLLINS,5,May,10,10,3,Tuesday,2022,6,6:00am-6:59am,58,58,US-287   S COLLEGE DR,TRIANGLE DR,2,US Highway,2,Urban,3,Principal Arterial - Other,1,State Highway Agency,1,This section IS ON the NHS,0,No Special Jurisdiction,3396,3396,40.48694444,40.48694444,-105.07749167,-105.07749167,12,Motor Vehicle In-Transport,6,Angle,0,No,2,Intersection,3,T-Intersection,1,On Roadway,0,None,1,Daylight,1,Clear,0,No,0000000,Not Applicable,6,6:00am-6:59am,57,57,7,7:00am-7:59am,3,3,7,7:00am-7:59am,26,26,1
8,Colorado,80192,0,0,1,1,0,1,1,1,ADAMS (1),0,NOT APPLICABLE,5,May,10,10,3,Tuesday,2022,21,9:00pm-9:59pm,25,25,I-76 RAMP F,NA,1,Interstate,2,Urban,1,Interstate,1,State Highway Agency,1,This section IS ON the NHS,0,No Special Jurisdiction,56,56,39.81666667,39.81666667,-104.98541667,-104.98541667,1,Rollover/Overturn,0,The First Harmful Event was Not a Collision with a Motor Vehicle in Transport,1,Yes,5,Entrance/Exit Ramp Related,1,Not an Intersection,4,On Roadside,0,None,3,Dark - Lighted,1,Clear,0,No,0000000,Not Applicable,21,9:00pm-9:59pm,28,28,21,9:00pm-9:59pm,34,34,21,9:00pm-9:59pm,48,48,1
8,Colorado,80193,0,0,5,5,0,11,11,31,DENVER (31),600,DENVER,5,May,13,13,6,Friday,2022,9,9:00am-9:59am,51,51,I-70,NA,1,Interstate,2,Urban,1,Interstate,1,State Highway Agency,1,This section IS ON the NHS,0,No Special Jurisdiction,2801,2801,39.77653333,39.77653333,-104.87396111,-104.87396111,12,Motor Vehicle In-Transport,1,Front-to-Rear,1,Yes,18,Through Roadway,1,Not an Intersection,1,On Roadway,0,None,1,Daylight,1,Clear,0,No,0000000,Not Applicable,9,9:00am-9:59am,52,52,10,10:00am-10:59am,1,1,88,Not Applicable (Not Transported),88,Not Applicable (Not Transported),1
8,Colorado,80194,0,0,3,3,0,6,6,93,PARK (93),0,NOT APPLICABLE,5,May,14,14,7,Saturday,2022,13,1:00pm-1:59pm,48,48,US-24,NA,2,US Highway,1,Rural,4,Minor Arterial,1,State Highway Agency,0,This section IS NOT on the NHS,0,No Special Jurisdiction,2619,2619,39.01759444,39.01759444,-105.39402222,-105.39402222,12,Motor Vehicle In-Transport,8,Sideswipe - Opposite Direction,0,No,1,Non-Junction,1,Not an Intersection,1,On Roadway,0,None,1,Daylight,1,Clear,0,No,0000000,Not Applicable,99,Unknown,99,Unknown,99,Unknown EMS Scene Arrival Hour,99,Unknown EMS Scene Arrival Minutes,88,Not Applicable (Not Transported),88,Not Applicable (Not Transported),1
8,Colorado,80195,0,0,2,2,0,3,3,1,ADAMS (1),110,AURORA,5,May,14,14,7,Saturday,2022,21,9:00pm-9:59pm,17,17,US-40   E COLFAX AVE,N LAREDO ST,2,US Highway,2,Urban,3,Principal Arterial - Other,1,State Highway Agency,1,This section IS ON the NHS,0,No Special Jurisdiction,3081,3081,39.74030556,39.74030556,-104.8006,-104.8006,12,Motor Vehicle In-Transport,6,Angle,0,No,2,Intersection,2,Four-Way Intersection,1,On Roadway,0,None,3,Dark - Lighted,1,Clear,0,No,0000000,Not Applicable,21,9:00pm-9:59pm,17,17,21,9:00pm-9:59pm,18,18,21,9:00pm-9:59pm,26,26,1
8,Colorado,80196,0,0,1,1,0,1,1,35,DOUGLAS (35),0,NOT APPLICABLE,5,May,15,15,1,Sunday,2022,17,5:00pm-5:59pm,30,30,CR-TOMAH RD,NA,4,County Road,1,Rural,6,Minor Collector,2,County Highway Agency,0,This section IS NOT on the NHS,0,No Special Jurisdiction,0,None,39.28228333,39.28228333,-104.9441,-104.9441,34,Ditch,0,The First Harmful Event was Not a Collision with a Motor Vehicle in Transport,0,No,1,Non-Junction,1,Not an Intersection,4,On Roadside,0,None,1,Daylight,1,Clear,0,No,0000000,Not Applicable,17,5:00pm-5:59pm,30,30,14,2:00pm-2:59pm,43,43,88,Not Applicable (Not Transported),88,Not Applicable (Not Transported),1
8,Colorado,80197,0,0,2,2,0,2,2,123,WELD (123),1070,GREELEY,5,May,14,14,7,Saturday,2022,10,10:00am-10:59am,20,20,1ST AVE,22ND ST,6,Local Street - Municipality,2,Urban,5,Major Collector,4,City or Municipal Highway Agency,0,This section IS NOT on the NHS,0,No Special Jurisdiction,0,None,40.40241667,40.40241667,-104.67798889,-104.67798889,1,Rollover/Overturn,0,The First Harmful Event was Not a Collision with a Motor Vehicle in Transport,0,No,2,Intersection,2,Four-Way Intersection,1,On Roadway,0,None,1,Daylight,1,Clear,0,No,0000000,Not Applicable,10,10:00am-10:59am,26,26,10,10:00am-10:59am,31,31,88,Not Applicable (Not Transported),88,Not Applicable (Not Transported),1
8,Colorado,80198,0,0,1,1,0,2,2,19,CLEAR CREEK (19),0,NOT APPLICABLE,5,May,16,16,2,Monday,2022,21,9:00pm-9:59pm,4,4,CR-UPPER BEAR CREEK RD,NA,4,County Road,1,Rural,6,Minor Collector,2,County Highway Agency,0,This section IS NOT on the NHS,0,No Special Jurisdiction,0,None,39.63519444,39.63519444,-105.41131667,-105.41131667,42,Tree (Standing Only),0,The First Harmful Event was Not a Collision with a Motor Vehicle in Transport,0,No,1,Non-Junction,1,Not an Intersection,4,On Roadside,0,None,2,Dark - Not Lighted,1,Clear,0,No,0000000,Not Applicable,21,9:00pm-9:59pm,6,6,21,9:00pm-9:59pm,22,22,99,Unknown,99,Unknown EMS Hospital Arrival Time,1
8,Colorado,80199,0,0,2,2,0,4,4,13,BOULDER (13),1530,LONGMONT,5,May,14,14,7,Saturday,2022,12,12:00pm-12:59pm,22,22,SR-66   UTE HWY,ERFERT ST,3,State Highway,2,Urban,3,Principal Arterial - Other,1,State Highway Agency,1,This section IS ON the NHS,0,No Special Jurisdiction,368,368,40.20334444,40.20334444,-105.09780556,-105.09780556,12,Motor Vehicle In-Transport,6,Angle,0,No,2,Intersection,3,T-Intersection,1,On Roadway,0,None,1,Daylight,1,Clear,0,No,0000000,Not Applicable,12,12:00pm-12:59pm,23,23,12,12:00pm-12:59pm,28,28,12,12:00pm-12:59pm,44,44,1
8,Colorado,80200,0,0,2,2,0,2,2,69,LARIMER (69),1550,LOVELAND,5,May,20,20,6,Friday,2022,6,6:00am-6:59am,58,58,US-287   S LINCOLN AVE,SR-60   42ND ST SE,2,US Highway,2,Urban,3,Principal Arterial - Other,1,State Highway Agency,1,This section IS ON the NHS,0,No Special Jurisdiction,3300,3300,40.34924444,40.34924444,-105.07393889,-105.07393889,33,Curb,0,The First Harmful Event was Not a Collision with a Motor Vehicle in Transport,0,No,3,Intersection-Related,2,Four-Way Intersection,4,On Roadside,0,None,4,Dawn,2,Rain,0,No,0000000,Not Applicable,6,6:00am-6:59am,58,58,7,7:00am-7:59am,8,8,7,7:00am-7:59am,25,25,1
8,Colorado,80201,1,1,1,1,0,1,1,1,ADAMS (1),2427,THORNTON,5,May,18,18,4,Wednesday,2022,21,9:00pm-9:59pm,10,10,W 84TH AVE,NA,6,Local Street - Municipality,2,Urban,4,Minor Arterial,4,City or Municipal Highway Agency,0,This section IS NOT on the NHS,0,No Special Jurisdiction,0,None,39.84893333,39.84893333,-104.99223889,-104.99223889,8,Pedestrian,0,The First Harmful Event was Not a Collision with a Motor Vehicle in Transport,0,No,1,Non-Junction,1,Not an Intersection,1,On Roadway,0,None,3,Dark - Lighted,1,Clear,0,No,0000000,Not Applicable,21,9:00pm-9:59pm,14,14,21,9:00pm-9:59pm,18,18,88,Not Applicable (Not Transported),88,Not Applicable (Not Transported),1
8,Colorado,80202,1,1,2,2,0,2,2,31,DENVER (31),600,DENVER,5,May,17,17,3,Tuesday,2022,21,9:00pm-9:59pm,45,45,US-40   E COLFAX AVE,NA,2,US Highway,2,Urban,3,Principal Arterial - Other,1,State Highway Agency,1,This section IS ON the NHS,0,No Special Jurisdiction,3009,3009,39.74009722,39.74009722,-104.936425,-104.936425,8,Pedestrian,0,The First Harmful Event was Not a Collision with a Motor Vehicle in Transport,0,No,1,Non-Junction,1,Not an Intersection,1,On Roadway,0,None,3,Dark - Lighted,1,Clear,0,No,0000000,Not Applicable,21,9:00pm-9:59pm,45,45,21,9:00pm-9:59pm,50,50,88,Not Applicable (Not Transported),88,Not Applicable (Not Transported),1
8,Colorado,80203,0,0,1,1,0,1,1,1,ADAMS (1),0,NOT APPLICABLE,5,May,21,21,7,Saturday,2022,0,0:00am-0:59am,10,10,I-70,NA,1,Interstate,1,Rural,1,Interstate,1,State Highway Agency,1,This section IS ON the NHS,0,No Special Jurisdiction,2962,2962,39.73977222,39.73977222,-104.58461111,-104.58461111,24,Guardrail Face,0,The First Harmful Event was Not a Collision with a Motor Vehicle in Transport,0,No,1,Non-Junction,1,Not an Intersection,3,On Median,0,None,2,Dark - Not Lighted,1,Clear,0,No,0000000,Not Applicable,99,Unknown,99,Unknown,99,Unknown EMS Scene Arrival Hour,99,Unknown EMS Scene Arrival Minutes,88,Not Applicable (Not Transported),88,Not Applicable (Not Transported),1
8,Colorado,80204,0,0,2,2,0,6,6,67,LA PLATA (67),0,NOT APPLICABLE,5,May,21,21,7,Saturday,2022,6,6:00am-6:59am,5,5,US-160,NA,2,US Highway,1,Rural,3,Principal Arterial - Other,1,State Highway Agency,1,This section IS ON the NHS,0,No Special Jurisdiction,735,735,37.28433333,37.28433333,-108.0265,-108.0265,12,Motor Vehicle In-Transport,2,Front-to-Front,0,No,1,Non-Junction,1,Not an Intersection,1,On Roadway,0,None,4,Dawn,1,Clear,0,No,0000000,Not Applicable,99,Unknown,99,Unknown,99,Unknown EMS Scene Arrival Hour,99,Unknown EMS Scene Arrival Minutes,99,Unknown,99,Unknown EMS Hospital Arrival Time,1
8,Colorado,80205,0,0,2,2,0,3,3,31,DENVER (31),600,DENVER,5,May,21,21,7,Saturday,2022,6,6:00am-6:59am,21,21,N BROADWAY ST,E 13TH ST,6,Local Street - Municipality,2,Urban,3,Principal Arterial - Other,4,City or Municipal Highway Agency,1,This section IS ON the NHS,0,No Special Jurisdiction,0,None,39.73685,39.73685,-104.98733333,-104.98733333,12,Motor Vehicle In-Transport,6,Angle,0,No,2,Intersection,2,Four-Way Intersection,1,On Roadway,0,None,4,Dawn,2,Rain,0,No,0000000,Not Applicable,6,6:00am-6:59am,21,21,6,6:00am-6:59am,29,29,6,6:00am-6:59am,51,51,1
8,Colorado,80206,0,0,1,1,0,1,1,97,PITKIN (97),0,NOT APPLICABLE,5,May,22,22,1,Sunday,2022,5,5:00am-5:59am,10,10,SR-82,NA,3,State Highway,1,Rural,3,Principal Arterial - Other,1,State Highway Agency,1,This section IS ON the NHS,0,No Special Jurisdiction,337,337,39.27225,39.27225,-106.89204722,-106.89204722,31,"Post, Pole or Other Supports",0,The First Harmful Event was Not a Collision with a Motor Vehicle in Transport,0,No,1,Non-Junction,1,Not an Intersection,4,On Roadside,0,None,2,Dark - Not Lighted,1,Clear,0,No,0000000,Not Applicable,99,Unknown,99,Unknown,99,Unknown EMS Scene Arrival Hour,99,Unknown EMS Scene Arrival Minutes,88,Not Applicable (Not Transported),88,Not Applicable (Not Transported),1
8,Colorado,80207,0,0,2,2,0,4,4,31,DENVER (31),600,DENVER,5,May,22,22,1,Sunday,2022,4,4:00am-4:59am,13,13,N CHAMBERS RD,E 40TH AVE,6,Local Street - Municipality,2,Urban,4,Minor Arterial,4,City or Municipal Highway Agency,0,This section IS NOT on the NHS,0,No Special Jurisdiction,0,None,39.77321944,39.77321944,-104.8097,-104.8097,12,Motor Vehicle In-Transport,6,Angle,0,No,2,Intersection,2,Four-Way Intersection,1,On Roadway,0,None,3,Dark - Lighted,1,Clear,0,No,0000000,Not Applicable,4,4:00am-4:59am,14,14,4,4:00am-4:59am,15,15,99,Unknown,99,Unknown EMS Hospital Arrival Time,1
8,Colorado,80208,0,0,2,2,0,3,3,67,LA PLATA (67),650,DURANGO,5,May,20,20,6,Friday,2022,9,9:00am-9:59am,4,4,US-550   MAIN AVE,NA,2,US Highway,2,Urban,3,Principal Arterial - Other,1,State Highway Agency,1,This section IS ON the NHS,0,No Special Jurisdiction,222,222,37.28381111,37.28381111,-107.87732778,-107.87732778,12,Motor Vehicle In-Transport,2,Front-to-Front,0,No,1,Non-Junction,1,Not an Intersection,1,On Roadway,0,None,1,Daylight,1,Clear,0,No,0000000,Not Applicable,9,9:00am-9:59am,4,4,9,9:00am-9:59am,8,8,9,9:00am-9:59am,28,28,1
8,Colorado,80209,1,1,1,1,0,1,1,87,MORGAN (87),880,FORT MORGAN,5,May,5,5,5,Thursday,2022,20,8:00pm-8:59pm,43,43,SR-52   MAIN ST,NA,3,State Highway,2,Urban,4,Minor Arterial,1,State Highway Agency,0,This section IS NOT on the NHS,0,No Special Jurisdiction,866,866,40.25617222,40.25617222,-103.80156667,-103.80156667,8,Pedestrian,0,The First Harmful Event was Not a Collision with a Motor Vehicle in Transport,0,No,1,Non-Junction,1,Not an Intersection,1,On Roadway,0,None,3,Dark - Lighted,1,Clear,0,No,0000000,Not Applicable,20,8:00pm-8:59pm,43,43,20,8:00pm-8:59pm,44,44,21,9:00pm-9:59pm,0,0,1
8,Colorado,80210,0,0,1,1,0,1,1,59,JEFFERSON (59),2555,WHEAT RIDGE,5,May,12,12,5,Thursday,2022,21,9:00pm-9:59pm,42,42,SR-72   WARD RD,W 44TH AVE,3,State Highway,2,Urban,3,Principal Arterial - Other,1,State Highway Agency,1,This section IS ON the NHS,0,No Special Jurisdiction,0,None,39.7782,39.7782,-105.138,-105.138,26,Other Traffic Barrier,0,The First Harmful Event was Not a Collision with a Motor Vehicle in Transport,0,No,3,Intersection-Related,3,T-Intersection,4,On Roadside,0,None,3,Dark - Lighted,1,Clear,0,No,0000000,Not Applicable,21,9:00pm-9:59pm,42,42,21,9:00pm-9:59pm,48,48,88,Not Applicable (Not Transported),88,Not Applicable (Not Transported),1
8,Colorado,80211,0,0,3,3,0,5,5,59,JEFFERSON (59),1435,LAKEWOOD,5,May,16,16,2,Monday,2022,0,0:00am-0:59am,2,2,US-6   W 6TH AVE,NA,2,US Highway,2,Urban,2,Principal Arterial - Other Freeways and Expressways,1,State Highway Agency,1,This section IS ON the NHS,0,No Special Jurisdiction,2810,2810,39.72553889,39.72553889,-105.07923889,-105.07923889,12,Motor Vehicle In-Transport,1,Front-to-Rear,1,Yes,18,Through Roadway,1,Not an Intersection,1,On Roadway,0,None,3,Dark - Lighted,1,Clear,0,No,0000000,Not Applicable,99,Unknown,99,Unknown,99,Unknown EMS Scene Arrival Hour,99,Unknown EMS Scene Arrival Minutes,99,Unknown,99,Unknown EMS Hospital Arrival Time,1
8,Colorado,80212,0,0,1,1,0,1,1,5,ARAPAHOE (5),110,AURORA,5,May,15,15,1,Sunday,2022,8,8:00am-8:59am,43,43,I-225,NA,1,Interstate,2,Urban,1,Interstate,1,State Highway Agency,1,This section IS ON the NHS,0,No Special Jurisdiction,67,67,39.69353889,39.69353889,-104.82863333,-104.82863333,59,Traffic Sign Support,0,The First Harmful Event was Not a Collision with a Motor Vehicle in Transport,1,Yes,19,Other location within Interchange Area,1,Not an Intersection,4,On Roadside,0,None,1,Daylight,1,Clear,0,No,0000000,Not Applicable,8,8:00am-8:59am,43,43,8,8:00am-8:59am,49,49,88,Not Applicable (Not Transported),88,Not Applicable (Not Transported),1
8,Colorado,80213,1,1,1,1,0,1,1,5,ARAPAHOE (5),110,AURORA,5,May,16,16,2,Monday,2022,22,10:00pm-10:59pm,35,35,US-40   E COLFAX AVE,N MOLINE ST,2,US Highway,2,Urban,3,Principal Arterial - Other,1,State Highway Agency,1,This section IS ON the NHS,0,No Special Jurisdiction,3052,3052,39.74011944,39.74011944,-104.85395,-104.85395,8,Pedestrian,0,The First Harmful Event was Not a Collision with a Motor Vehicle in Transport,0,No,3,Intersection-Related,2,Four-Way Intersection,1,On Roadway,0,None,3,Dark - Lighted,1,Clear,0,No,0000000,Not Applicable,99,Unknown,99,Unknown,99,Unknown EMS Scene Arrival Hour,99,Unknown EMS Scene Arrival Minutes,99,Unknown,99,Unknown EMS Hospital Arrival Time,1
8,Colorado,80214,0,0,1,1,0,1,1,9,BACA (9),0,NOT APPLICABLE,5,May,26,26,5,Thursday,2022,21,9:00pm-9:59pm,20,20,US-160,NA,2,US Highway,1,Rural,4,Minor Arterial,1,State Highway Agency,0,This section IS NOT on the NHS,0,No Special Jurisdiction,4626,4626,37.38344444,37.38344444,-102.64777778,-102.64777778,1,Rollover/Overturn,0,The First Harmful Event was Not a Collision with a Motor Vehicle in Transport,0,No,1,Non-Junction,1,Not an Intersection,4,On Roadside,0,None,2,Dark - Not Lighted,1,Clear,0,No,0000000,Not Applicable,21,9:00pm-9:59pm,20,20,99,Unknown EMS Scene Arrival Hour,99,Unknown EMS Scene Arrival Minutes,88,Not Applicable (Not Transported),88,Not Applicable (Not Transported),1
8,Colorado,80215,0,0,3,3,0,3,3,119,TELLER (119),0,NOT APPLICABLE,5,May,20,20,6,Friday,2022,17,5:00pm-5:59pm,31,31,US-24,NA,2,US Highway,1,Rural,3,Principal Arterial - Other,1,State Highway Agency,1,This section IS ON the NHS,0,No Special Jurisdiction,2809,2809,38.95805,38.95805,-105.10901944,-105.10901944,12,Motor Vehicle In-Transport,2,Front-to-Front,0,No,1,Non-Junction,1,Not an Intersection,1,On Roadway,0,None,1,Daylight,4,Snow,0,No,0000000,Not Applicable,17,5:00pm-5:59pm,34,34,17,5:00pm-5:59pm,48,48,18,6:00pm-6:59pm,35,35,1
8,Colorado,80216,0,0,1,1,0,1,1,3,ALAMOSA (3),0,NOT APPLICABLE,5,May,27,27,6,Friday,2022,15,3:00pm-3:59pm,17,17,SR-17,NA,3,State Highway,1,Rural,3,Principal Arterial - Other,1,State Highway Agency,1,This section IS ON the NHS,0,No Special Jurisdiction,828,828,37.67271111,37.67271111,-105.87233333,-105.87233333,1,Rollover/Overturn,0,The First Harmful Event was Not a Collision with a Motor Vehicle in Transport,0,No,1,Non-Junction,1,Not an Intersection,4,On Roadside,0,None,1,Daylight,1,Clear,0,No,0000000,Not Applicable,15,3:00pm-3:59pm,25,25,15,3:00pm-3:59pm,41,41,88,Not Applicable (Not Transported),88,Not Applicable (Not Transported),1
8,Colorado,80217,0,0,1,1,0,1,1,45,GARFIELD (45),0,NOT APPLICABLE,5,May,27,27,6,Friday,2022,11,11:00am-11:59am,45,45,SR-139,NA,3,State Highway,1,Rural,4,Minor Arterial,1,State Highway Agency,0,This section IS NOT on the NHS,0,No Special Jurisdiction,381,381,39.63515,39.63515,-108.78896667,-108.78896667,38,Fence,0,The First Harmful Event was Not a Collision with a Motor Vehicle in Transport,0,No,1,Non-Junction,1,Not an Intersection,5,Outside Trafficway,0,None,1,Daylight,1,Clear,0,No,0000000,Not Applicable,99,Unknown,99,Unknown,99,Unknown EMS Scene Arrival Hour,99,Unknown EMS Scene Arrival Minutes,88,Not Applicable (Not Transported),88,Not Applicable (Not Transported),1
8,Colorado,80218,0,0,1,1,0,1,1,101,PUEBLO (101),0,NOT APPLICABLE,5,May,29,29,1,Sunday,2022,17,5:00pm-5:59pm,17,17,I-25,NA,1,Interstate,1,Rural,1,Interstate,1,State Highway Agency,1,This section IS ON the NHS,0,No Special Jurisdiction,1130,1130,38.47221111,38.47221111,-104.61394444,-104.61394444,1,Rollover/Overturn,0,The First Harmful Event was Not a Collision with a Motor Vehicle in Transport,0,No,1,Non-Junction,1,Not an Intersection,3,On Median,0,None,1,Daylight,1,Clear,0,No,0000000,Not Applicable,99,Unknown,99,Unknown,99,Unknown EMS Scene Arrival Hour,99,Unknown EMS Scene Arrival Minutes,88,Not Applicable (Not Transported),88,Not Applicable (Not Transported),1
8,Colorado,80219,0,0,2,2,0,4,4,99,PROWERS (99),0,NOT APPLICABLE,5,May,29,29,1,Sunday,2022,21,9:00pm-9:59pm,10,10,US-50,CR-7,2,US Highway,1,Rural,3,Principal Arterial - Other,1,State Highway Agency,1,This section IS ON the NHS,0,No Special Jurisdiction,4329,4329,38.11413056,38.11413056,-102.63151667,-102.63151667,12,Motor Vehicle In-Transport,6,Angle,0,No,2,Intersection,3,T-Intersection,1,On Roadway,0,None,3,Dark - Lighted,1,Clear,0,No,0000000,Not Applicable,99,Unknown,99,Unknown,99,Unknown EMS Scene Arrival Hour,99,Unknown EMS Scene Arrival Minutes,99,Unknown,99,Unknown EMS Hospital Arrival Time,1
8,Colorado,80220,0,0,1,1,0,2,2,45,GARFIELD (45),0,NOT APPLICABLE,5,May,30,30,2,Monday,2022,13,1:00pm-1:59pm,26,26,CR-STONE QUARRY RD,NA,4,County Road,2,Urban,7,Local,2,County Highway Agency,0,This section IS NOT on the NHS,0,No Special Jurisdiction,0,None,39.42397222,39.42397222,-108.04668889,-108.04668889,1,Rollover/Overturn,0,The First Harmful Event was Not a Collision with a Motor Vehicle in Transport,0,No,1,Non-Junction,1,Not an Intersection,1,On Roadway,0,None,1,Daylight,1,Clear,0,No,0000000,Not Applicable,13,1:00pm-1:59pm,26,26,13,1:00pm-1:59pm,33,33,14,2:00pm-2:59pm,4,4,1
8,Colorado,80221,0,0,3,3,0,4,4,31,DENVER (31),600,DENVER,5,May,30,30,2,Monday,2022,0,0:00am-0:59am,44,44,SR-265   BRIGHTON BLVD,I-70 RAMPS   E 46TH AVE,3,State Highway,2,Urban,4,Minor Arterial,1,State Highway Agency,0,This section IS NOT on the NHS,0,No Special Jurisdiction,1,1,39.78083333,39.78083333,-104.96672222,-104.96672222,12,Motor Vehicle In-Transport,6,Angle,1,Yes,2,Intersection,7,"Five Point, or More",1,On Roadway,1,Construction,3,Dark - Lighted,1,Clear,0,No,0000000,Not Applicable,0,0:00am-0:59am,53,53,0,0:00am-0:59am,53,53,1,1:00am-1:59am,45,45,1
8,Colorado,80222,0,0,1,1,0,1,1,75,LOGAN (75),0,NOT APPLICABLE,5,May,12,12,5,Thursday,2022,11,11:00am-11:59am,45,45,SR-138,NA,3,State Highway,1,Rural,4,Minor Arterial,1,State Highway Agency,0,This section IS NOT on the NHS,0,No Special Jurisdiction,76,76,40.71988056,40.71988056,-103.13266389,-103.13266389,1,Rollover/Overturn,0,The First Harmful Event was Not a Collision with a Motor Vehicle in Transport,0,No,1,Non-Junction,1,Not an Intersection,1,On Roadway,0,None,1,Daylight,1,Clear,0,No,0000000,Not Applicable,11,11:00am-11:59am,49,49,11,11:00am-11:59am,57,57,12,12:00pm-12:59pm,14,14,1
8,Colorado,80223,0,0,2,1,1,1,1,5,ARAPAHOE (5),740,ENGLEWOOD,5,May,31,31,3,Tuesday,2022,14,2:00pm-2:59pm,2,2,S BROADWAY ST,NA,6,Local Street - Municipality,2,Urban,3,Principal Arterial - Other,4,City or Municipal Highway Agency,1,This section IS ON the NHS,0,No Special Jurisdiction,0,None,39.66205556,39.66205556,-104.98748333,-104.98748333,43,Other Fixed Object,0,The First Harmful Event was Not a Collision with a Motor Vehicle in Transport,0,No,1,Non-Junction,1,Not an Intersection,4,On Roadside,0,None,1,Daylight,2,Rain,0,No,0000000,Not Applicable,14,2:00pm-2:59pm,6,6,14,2:00pm-2:59pm,10,10,14,2:00pm-2:59pm,26,26,1