STATE,STATENAME,ST_CASE,PEDS,PERNOTMVIT,VE_TOTAL,VE_FORMS,PVH_INVL,PERSONS,PERMVIT,COUNTY,COUNTYNAME,CITY,CITYNAME,MONTH,MONTHNAME,DAY,DAYNAME,DAY_WEEK,DAY_WEEKNAME,YEAR,HOUR,HOURNAME,MINUTE,MINUTENAME,TWAY_ID,TWAY_ID2,ROUTE,ROUTENAME,RUR_URB,RUR_URBNAME,FUNC_SYS,FUNC_SYSNAME,RD_OWNER,RD_OWNERNAME,NHS,NHSNAME,SP_JUR,SP_JURNAME,MILEPT,MILEPTNAME,LATITUDE,LATITUDENAME,LONGITUD,LONGITUDNAME,HARM_EV,HARM_EVNAME,MAN_COLL,MAN_COLLNAME,RELJCT1,RELJCT1NAME,RELJCT2,RELJCT2NAME,TYP_INT,TYP_INTNAME,REL_ROAD,REL_ROADNAME,WRK_ZONE,WRK_ZONENAME,LGT_COND,LGT_CONDNAME,WEATHER,WEATHERNAME,SCH_BUS,SCH_BUSNAME,RAIL,RAILNAME,NOT_HOUR,NOT_HOURNAME,NOT_MIN,NOT_MINNAME,ARR_HOUR,ARR_HOURNAME,ARR_MIN,ARR_MINNAME,HOSP_HR,HOSP_HRNAME,HOSP_MN,HOSP_MNNAME,FATALS
8,Colorado,80224,0,0,1,1,0,1,1,53,HINSDALE (53),0,NOT APPLICABLE,5,May,31,31,3,Tuesday,2022,0,0:00am-0:59am,15,15,SR-149,NA,3,State Highway,1,Rural,4,Minor Arterial,1,State Highway Agency,0,This section IS NOT on the NHS,0,No Special Jurisdiction,696,696,37.99739167,37.99739167,-107.29528056,-107.29528056,31,"Post, Pole or Other Supports",0,The First Harmful Event was Not a Collision with a Motor Vehicle in Transport,0,No,1,Non-Junction,1,Not an Intersection,4,On Roadside,0,None,2,Dark - Not Lighted,1,Clear,0,No,0000000,Not Applicable,99,Unknown,99,Unknown,99,Unknown EMS Scene Arrival Hour,99,Unknown EMS Scene Arrival Minutes,88,Not Applicable (Not Transported),88,Not Applicable (Not Transported),1
8,Colorado,80225,0,0,1,1,0,1,1,77,MESA (77),0,NOT APPLICABLE,5,May,31,31,3,Tuesday,2022,11,11:00am-11:59am,32,32,I-70,NA,1,Interstate,2,Urban,1,Interstate,1,State Highway Agency,1,This section IS ON the NHS,0,No Special Jurisdiction,366,366,39.10253889,39.10253889,-108.45133333,-108.45133333,1,Rollover/Overturn,0,The First Harmful Event was Not a Collision with a Motor Vehicle in Transport,0,No,1,Non-Junction,1,Not an Intersection,3,On Median,0,None,1,Daylight,1,Clear,0,No,0000000,Not Applicable,99,Unknown,99,Unknown,99,Unknown EMS Scene Arrival Hour,99,Unknown EMS Scene Arrival Minutes,88,Not Applicable (Not Transported),88,Not Applicable (Not Transported),1
8,Colorado,80226,0,0,2,2,0,5,5,83,MONTEZUMA (83),450,CORTEZ,5,May,25,25,4,Wednesday,2022,20,8:00pm-8:59pm,8,8,US-160   E MAIN ST,SLIGO ST,2,US Highway,2,Urban,3,Principal Arterial - Other,1,State Highway Agency,1,This section IS ON the NHS,0,No Special Jurisdiction,396,396,37.34884444,37.34884444,-108.56369444,-108.56369444,12,Motor Vehicle In-Transport,6,Angle,0,No,2,Intersection,2,Four-Way Intersection,1,On Roadway,0,None,5,Dusk,1,Clear,0,No,0000000,Not Applicable,20,8:00pm-8:59pm,9,9,20,8:00pm-8:59pm,12,12,20,8:00pm-8:59pm,22,22,1
8,Colorado,80227,0,0,2,2,0,2,2,59,JEFFERSON (59),2550,WESTMINSTER,5,May,18,18,4,Wednesday,2022,19,7:00pm-7:59pm,48,48,SR-121   N WADSWORTH BLVD,W 94TH AVE,3,State Highway,2,Urban,3,Principal Arterial - Other,1,State Highway Agency,1,This section IS ON the NHS,0,No Special Jurisdiction,225,225,39.86760556,39.86760556,-105.08761944,-105.08761944,12,Motor Vehicle In-Transport,6,Angle,0,No,2,Intersection,2,Four-Way Intersection,1,On Roadway,0,None,5,Dusk,1,Clear,0,No,0000000,Not Applicable,19,7:00pm-7:59pm,49,49,19,7:00pm-7:59pm,52,52,20,8:00pm-8:59pm,8,8,1
8,Colorado,80228,0,0,3,3,0,5,5,31,DENVER (31),600,DENVER,5,May,5,5,5,Thursday,2022,18,6:00pm-6:59pm,43,43,SR-88   S FEDERAL BLVD,W YALE AVE,3,State Highway,2,Urban,3,Principal Arterial - Other,1,State Highway Agency,1,This section IS ON the NHS,0,No Special Jurisdiction,49,49,39.66776389,39.66776389,-105.02519167,-105.02519167,12,Motor Vehicle In-Transport,6,Angle,0,No,2,Intersection,3,T-Intersection,1,On Roadway,0,None,1,Daylight,1,Clear,0,No,0000000,Not Applicable,18,6:00pm-6:59pm,43,43,18,6:00pm-6:59pm,46,46,19,7:00pm-7:59pm,22,22,1
8,Colorado,80229,0,0,1,1,0,1,1,113,SAN MIGUEL (113),9997,Other,5,May,21,21,7,Saturday,2022,18,6:00pm-6:59pm,1,1,DOUBLE EAGLE DR,NA,5,Local Street - Township,1,Rural,7,Local,3,Town or Township Highway Agency,0,This section IS NOT on the NHS,0,No Special Jurisdiction,0,None,37.94066667,37.94066667,-107.86588333,-107.86588333,42,Tree (Standing Only),0,The First Harmful Event was Not a Collision with a Motor Vehicle in Transport,0,No,1,Non-Junction,1,Not an Intersection,4,On Roadside,0,None,1,Daylight,1,Clear,0,No,0000000,Not Applicable,18,6:00pm-6:59pm,26,26,18,6:00pm-6:59pm,28,28,88,Not Applicable (Not Transported),88,Not Applicable (Not Transported),1
8,Colorado,80230,0,0,1,1,0,1,1,123,WELD (123),2260,SEVERANCE,5,May,26,26,5,Thursday,2022,12,12:00pm-12:59pm,44,44,CR-74,NA,5,Local Street - Township,1,Rural,5,Major Collector,3,Town or Township Highway Agency,0,This section IS NOT on the NHS,0,No Special Jurisdiction,0,None,40.52322222,40.52322222,-104.89707222,-104.89707222,1,Rollover/Overturn,0,The First Harmful Event was Not a Collision with a Motor Vehicle in Transport,0,No,1,Non-Junction,1,Not an Intersection,4,On Roadside,0,None,1,Daylight,1,Clear,0,No,0000000,Not Applicable,12,12:00pm-12:59pm,44,44,12,12:00pm-12:59pm,50,50,14,2:00pm-2:59pm,32,32,1
8,Colorado,80231,0,0,2,2,0,3,3,31,DENVER (31),600,DENVER,5,May,24,24,3,Tuesday,2022,13,1:00pm-1:59pm,0,0,S QUEBEC ST,E HARVARD AVE,6,Local Street - Municipality,2,Urban,4,Minor Arterial,4,City or Municipal Highway Agency,0,This section IS NOT on the NHS,0,No Special Jurisdiction,0,None,39.67119444,39.67119444,-104.9037,-104.9037,12,Motor Vehicle In-Transport,6,Angle,0,No,2,Intersection,3,T-Intersection,1,On Roadway,0,None,1,Daylight,1,Clear,0,No,0000000,Not Applicable,99,Unknown,99,Unknown,99,Unknown EMS Scene Arrival Hour,99,Unknown EMS Scene Arrival Minutes,99,Unknown,99,Unknown EMS Hospital Arrival Time,1
8,Colorado,80232,1,1,1,1,0,1,1,31,DENVER (31),600,DENVER,5,May,11,11,4,Wednesday,2022,16,4:00pm-4:59pm,51,51,SR-2   N COLORADO BLVD,E 48TH AVE,3,State Highway,2,Urban,3,Principal Arterial - Other,1,State Highway Agency,1,This section IS ON the NHS,0,No Special Jurisdiction,90,90,39.78366667,39.78366667,-104.94039444,-104.94039444,8,Pedestrian,0,The First Harmful Event was Not a Collision with a Motor Vehicle in Transport,0,No,3,Intersection-Related,2,Four-Way Intersection,1,On Roadway,0,None,1,Daylight,1,Clear,0,No,0000000,Not Applicable,99,Unknown,99,Unknown,99,Unknown EMS Scene Arrival Hour,99,Unknown EMS Scene Arrival Minutes,99,Unknown,99,Unknown EMS Hospital Arrival Time,1
8,Colorado,80233,0,0,1,1,0,2,2,41,EL PASO (41),430,COLORADO SPRINGS,5,May,16,16,2,Monday,2022,2,2:00am-2:59am,46,46,CAREFREE CIR N,NA,6,Local Street - Municipality,2,Urban,3,Principal Arterial - Other,4,City or Municipal Highway Agency,1,This section IS ON the NHS,0,No Special Jurisdiction,0,None,38.88587778,38.88587778,-104.74902778,-104.74902778,30,Utility Pole/Light Support,0,The First Harmful Event was Not a Collision with a Motor Vehicle in Transport,0,No,1,Non-Junction,1,Not an Intersection,4,On Roadside,0,None,3,Dark - Lighted,1,Clear,0,No,0000000,Not Applicable,2,2:00am-2:59am,48,48,2,2:00am-2:59am,52,52,3,3:00am-3:59am,21,21,2
8,Colorado,80234,0,0,1,1,0,1,1,41,EL PASO (41),430,COLORADO SPRINGS,5,May,25,25,4,Wednesday,2022,17,5:00pm-5:59pm,53,53,TUTT BLVD,NA,6,Local Street - Municipality,2,Urban,7,Local,4,City or Municipal Highway Agency,0,This section IS NOT on the NHS,0,No Special Jurisdiction,0,None,38.89820278,38.89820278,-104.71903611,-104.71903611,33,Curb,0,The First Harmful Event was Not a Collision with a Motor Vehicle in Transport,0,No,1,Non-Junction,1,Not an Intersection,4,On Roadside,0,None,1,Daylight,1,Clear,0,No,0000000,Not Applicable,17,5:00pm-5:59pm,53,53,17,5:00pm-5:59pm,58,58,88,Not Applicable (Not Transported),88,Not Applicable (Not Transported),1
8,Colorado,80235,0,0,1,1,0,1,1,31,DENVER (31),600,DENVER,5,May,4,4,4,Wednesday,2022,0,0:00am-0:59am,1,1,S JASON ST,S PLATTE RIVER DR,6,Local Street - Municipality,2,Urban,5,Major Collector,4,City or Municipal Highway Agency,0,This section IS NOT on the NHS,0,No Special Jurisdiction,0,None,39.69038889,39.69038889,-104.99917778,-104.99917778,33,Curb,0,The First Harmful Event was Not a Collision with a Motor Vehicle in Transport,0,No,3,Intersection-Related,3,T-Intersection,4,On Roadside,0,None,3,Dark - Lighted,2,Rain,0,No,0000000,Not Applicable,9,9:00am-9:59am,34,34,9,9:00am-9:59am,38,38,88,Not Applicable (Not Transported),88,Not Applicable (Not Transported),1
8,Colorado,80236,0,0,1,1,0,1,1,109,SAGUACHE (109),0,NOT APPLICABLE,5,May,2,2,2,Monday,2022,13,1:00pm-1:59pm,15,15,SR-114,NA,3,State Highway,1,Rural,5,Major Collector,1,State Highway Agency,0,This section IS NOT on the NHS,0,No Special Jurisdiction,485,485,38.14711944,38.14711944,-106.34183333,-106.34183333,32,Culvert,0,The First Harmful Event was Not a Collision with a Motor Vehicle in Transport,0,No,1,Non-Junction,1,Not an Intersection,4,On Roadside,0,None,1,Daylight,1,Clear,0,No,0000000,Not Applicable,99,Unknown,99,Unknown,99,Unknown EMS Scene Arrival Hour,99,Unknown EMS Scene Arrival Minutes,88,Not Applicable (Not Transported),88,Not Applicable (Not Transported),1
8,Colorado,80237,0,0,1,1,0,1,1,1,ADAMS (1),434,COMMERCE CITY,3,March,15,15,3,Tuesday,2022,19,7:00pm-7:59pm,41,41,E 69TH AVE,NA,6,Local Street - Municipality,2,Urban,7,Local,4,City or Municipal Highway Agency,0,This section IS NOT on the NHS,0,No Special Jurisdiction,0,None,39.82216667,39.82216667,-104.93791667,-104.93791667,1,Rollover/Overturn,0,The First Harmful Event was Not a Collision with a Motor Vehicle in Transport,0,No,8,Driveway Access Related,1,Not an Intersection,1,On Roadway,0,None,3,Dark - Lighted,1,Clear,0,No,0000000,Not Applicable,99,Unknown,99,Unknown,99,Unknown EMS Scene Arrival Hour,99,Unknown EMS Scene Arrival Minutes,99,Unknown,99,Unknown EMS Hospital Arrival Time,1
8,Colorado,80238,0,0,1,1,0,1,1,73,LINCOLN (73),0,NOT APPLICABLE,4,April,20,20,4,Wednesday,2022,2,2:00am-2:59am,30,30,CR-35,CR-2G,4,County Road,1,Rural,7,Local,2,County Highway Agency,0,This section IS NOT on the NHS,0,No Special Jurisdiction,0,None,38.93655,38.93655,-103.4232,-103.4232,38,Fence,0,The First Harmful Event was Not a Collision with a Motor Vehicle in Transport,0,No,3,Intersection-Related,3,T-Intersection,5,Outside Trafficway,0,None,2,Dark - Not Lighted,1,Clear,0,No,0000000,Not Applicable,9,9:00am-9:59am,4,4,9,9:00am-9:59am,22,22,9,9:00am-9:59am,45,45,1
8,Colorado,80239,0,0,2,2,0,3,3,13,BOULDER (13),0,NOT APPLICABLE,6,June,1,1,4,Wednesday,2022,11,11:00am-11:59am,15,15,CR-S BOULDER RD,NA,4,County Road,2,Urban,3,Principal Arterial - Other,2,County Highway Agency,1,This section IS ON the NHS,0,No Special Jurisdiction,0,None,39.98684722,39.98684722,-105.18373611,-105.18373611,12,Motor Vehicle In-Transport,2,Front-to-Front,0,No,1,Non-Junction,1,Not an Intersection,1,On Roadway,0,None,1,Daylight,1,Clear,0,No,0000000,Not Applicable,11,11:00am-11:59am,18,18,11,11:00am-11:59am,26,26,11,11:00am-11:59am,41,41,1
8,Colorado,80240,0,0,2,2,0,2,2,13,BOULDER (13),1530,LONGMONT,6,June,1,1,4,Wednesday,2022,22,10:00pm-10:59pm,17,17,US-287   MAIN ST,SR-66   UTE HWY,2,US Highway,2,Urban,3,Principal Arterial - Other,1,State Highway Agency,1,This section IS ON the NHS,0,No Special Jurisdiction,3183,3183,40.20334444,40.20334444,-105.10257778,-105.10257778,12,Motor Vehicle In-Transport,6,Angle,0,No,2,Intersection,2,Four-Way Intersection,1,On Roadway,0,None,3,Dark - Lighted,1,Clear,0,No,0000000,Not Applicable,22,10:00pm-10:59pm,17,17,22,10:00pm-10:59pm,22,22,88,Not Applicable (Not Transported),88,Not Applicable (Not Transported),1
8,Colorado,80241,0,0,2,2,0,4,4,123,WELD (123),0,NOT APPLICABLE,6,June,4,4,7,Saturday,2022,2,2:00am-2:59am,54,54,SR-14,NA,3,State Highway,1,Rural,3,Principal Arterial - Other,1,State Highway Agency,1,This section IS ON the NHS,0,No Special Jurisdiction,1484,1484,40.58157778,40.58157778,-104.82766111,-104.82766111,12,Motor Vehicle In-Transport,1,Front-to-Rear,0,No,8,Driveway Access Related,1,Not an Intersection,1,On Roadway,0,None,2,Dark - Not Lighted,1,Clear,0,No,0000000,Not Applicable,2,2:00am-2:59am,54,54,3,3:00am-3:59am,5,5,3,3:00am-3:59am,43,43,1
8,Colorado,80242,0,0,3,3,0,3,3,41,EL PASO (41),0,NOT APPLICABLE,6,June,4,4,7,Saturday,2022,11,11:00am-11:59am,30,30,CR-SPACE VILLAGE AVE,CR-AIR LN,4,County Road,2,Urban,4,Minor Arterial,2,County Highway Agency,0,This section IS NOT on the NHS,0,No Special Jurisdiction,0,None,38.83896667,38.83896667,-104.69,-104.69,12,Motor Vehicle In-Transport,6,Angle,0,No,2,Intersection,3,T-Intersection,1,On Roadway,0,None,1,Daylight,1,Clear,0,No,0000000,Not Applicable,11,11:00am-11:59am,33,33,99,Unknown EMS Scene Arrival Hour,99,Unknown EMS Scene Arrival Minutes,88,Not Applicable (Not Transported),88,Not Applicable (Not Transported),1
8,Colorado,80243,0,0,2,2,0,2,2,123,WELD (123),0,NOT APPLICABLE,6,June,7,7,3,Tuesday,2022,15,3:00pm-3:59pm,39,39,US-34,NA,2,US Highway,1,Rural,3,Principal Arterial - Other,1,State Highway Agency,1,This section IS ON the NHS,0,No Special Jurisdiction,1392,1392,40.29101111,40.29101111,-104.22396111,-104.22396111,12,Motor Vehicle In-Transport,2,Front-to-Front,0,No,8,Driveway Access Related,1,Not an Intersection,4,On Roadside,0,None,1,Daylight,1,Clear,0,No,0000000,Not Applicable,15,3:00pm-3:59pm,39,39,15,3:00pm-3:59pm,54,54,88,Not Applicable (Not Transported),88,Not Applicable (Not Transported),1
8,Colorado,80244,1,1,2,1,1,0,0,35,DOUGLAS (35),0,NOT APPLICABLE,6,June,6,6,2,Monday,2022,10,10:00am-10:59am,27,27,CR-S WILTSHIRE DR,NA,4,County Road,2,Urban,7,Local,2,County Highway Agency,0,This section IS NOT on the NHS,0,No Special Jurisdiction,0,None,39.54531667,39.54531667,-104.90505,-104.90505,14,Parked Motor Vehicle,0,The First Harmful Event was Not a Collision with a Motor Vehicle in Transport,0,No,8,Driveway Access Related,1,Not an Intersection,7,In Parking Lane/Zone,0,None,1,Daylight,1,Clear,0,No,0000000,Not Applicable,99,Unknown,99,Unknown,99,Unknown EMS Scene Arrival Hour,99,Unknown EMS Scene Arrival Minutes,99,Unknown,99,Unknown EMS Hospital Arrival Time,1
8,Colorado,80245,0,0,1,1,0,2,2,1,ADAMS (1),434,COMMERCE CITY,6,June,8,8,4,Wednesday,2022,0,0:00am-0:59am,36,36,QUEBEC PKWY,NA,6,Local Street - Municipality,2,Urban,3,Principal Arterial - Other,4,City or Municipal Highway Agency,1,This section IS ON the NHS,0,No Special Jurisdiction,0,None,39.83350556,39.83350556,-104.89788889,-104.89788889,1,Rollover/Overturn,0,The First Harmful Event was Not a Collision with a Motor Vehicle in Transport,0,No,1,Non-Junction,1,Not an Intersection,1,On Roadway,0,None,2,Dark - Not Lighted,1,Clear,0,No,0000000,Not Applicable,99,Unknown,99,Unknown,99,Unknown EMS Scene Arrival Hour,99,Unknown EMS Scene Arrival Minutes,99,Unknown,99,Unknown EMS Hospital Arrival Time,1
8,Colorado,80246,0,0,1,1,0,4,4,123,WELD (123),0,NOT APPLICABLE,6,June,8,8,4,Wednesday,2022,6,6:00am-6:59am,22,22,I-25,NA,1,Interstate,1,Rural,1,Interstate,1,State Highway Agency,1,This section IS ON the NHS,0,No Special Jurisdiction,2966,2966,40.96733889,40.96733889,-104.92066389,-104.92066389,52,Guardrail End,0,The First Harmful Event was Not a Collision with a Motor Vehicle in Transport,0,No,1,Non-Junction,1,Not an Intersection,4,On Roadside,0,None,1,Daylight,1,Clear,0,No,0000000,Not Applicable,6,6:00am-6:59am,24,24,6,6:00am-6:59am,50,50,8,8:00am-8:59am,23,23,1
8,Colorado,80247,0,0,1,1,0,1,1,19,CLEAR CREEK (19),0,NOT APPLICABLE,6,June,9,9,5,Thursday,2022,18,6:00pm-6:59pm,17,17,SR-103,NA,3,State Highway,1,Rural,5,Major Collector,1,State Highway Agency,0,This section IS NOT on the NHS,0,No Special Jurisdiction,44,44,39.71137222,39.71137222,-105.58708333,-105.58708333,18,Other Object (not fixed),0,The First Harmful Event was Not a Collision with a Motor Vehicle in Transport,0,No,1,Non-Junction,1,Not an Intersection,4,On Roadside,0,None,1,Daylight,1,Clear,0,No,0000000,Not Applicable,18,6:00pm-6:59pm,17,17,18,6:00pm-6:59pm,31,31,19,7:00pm-7:59pm,40,40,1
8,Colorado,80248,0,0,2,2,0,3,3,69,LARIMER (69),0,NOT APPLICABLE,6,June,10,10,6,Friday,2022,17,5:00pm-5:59pm,52,52,CR-S BOISE AVE,NA,4,County Road,2,Urban,7,Local,2,County Highway Agency,0,This section IS NOT on the NHS,0,No Special Jurisdiction,0,None,40.38349167,40.38349167,-105.05430556,-105.05430556,12,Motor Vehicle In-Transport,2,Front-to-Front,0,No,1,Non-Junction,1,Not an Intersection,1,On Roadway,0,None,1,Daylight,1,Clear,0,No,0000000,Not Applicable,99,Unknown,99,Unknown,99,Unknown EMS Scene Arrival Hour,99,Unknown EMS Scene Arrival Minutes,99,Unknown,99,Unknown EMS Hospital Arrival Time,1
8,Colorado,80249,0,0,1,1,0,1,1,77,MESA (77),0,NOT APPLICABLE,6,June,11,11,7,Saturday,2022,12,12:00pm-12:59pm,19,19,SR-65,NA,3,State Highway,1,Rural,4,Minor Arterial,1,State Highway Agency,0,This section IS NOT on the NHS,0,No Special Jurisdiction,451,451,39.10473889,39.10473889,-108.13636111,-108.13636111,42,Tree (Standing Only),0,The First Harmful Event was Not a Collision with a Motor Vehicle in Transport,0,No,1,Non-Junction,1,Not an Intersection,4,On Roadside,0,None,1,Daylight,1,Clear,0,No,0000000,Not Applicable,12,12:00pm-12:59pm,15,15,99,Unknown EMS Scene Arrival Hour,99,Unknown EMS Scene Arrival Minutes,88,Not Applicable (Not Transported),88,Not Applicable (Not Transported),1
8,Colorado,80250,0,0,2,2,0,6,6,101,PUEBLO (101),0,NOT APPLICABLE,6,June,11,11,7,Saturday,2022,1,1:00am-1:59am,12,12,SR-47,NA,3,State Highway,2,Urban,2,Principal Arterial - Other Freeways and Expressways,1,State Highway Agency,1,This section IS ON the NHS,0,No Special Jurisdiction,40,40,38.28336111,38.28336111,-104.55618333,-104.55618333,12,Motor Vehicle In-Transport,6,Angle,0,No,1,Non-Junction,1,Not an Intersection,1,On Roadway,0,None,2,Dark - Not Lighted,10,Cloudy,0,No,0000000,Not Applicable,1,1:00am-1:59am,17,17,1,1:00am-1:59am,29,29,99,Unknown,99,Unknown EMS Hospital Arrival Time,1
8,Colorado,80251,0,0,2,2,0,5,5,107,ROUTT (107),0,NOT APPLICABLE,6,June,11,11,7,Saturday,2022,20,8:00pm-8:59pm,6,6,US-40,NA,2,US Highway,1,Rural,3,Principal Arterial - Other,1,State Highway Agency,1,This section IS ON the NHS,0,No Special Jurisdiction,1034,1034,40.49271944,40.49271944,-107.33688889,-107.33688889,12,Motor Vehicle In-Transport,2,Front-to-Front,0,No,1,Non-Junction,1,Not an Intersection,1,On Roadway,0,None,1,Daylight,1,Clear,0,No,0000000,Not Applicable,20,8:00pm-8:59pm,21,21,20,8:00pm-8:59pm,37,37,99,Unknown,99,Unknown EMS Hospital Arrival Time,2
8,Colorado,80252,1,1,2,2,0,2,2,69,LARIMER (69),860,FORT COLLINS,6,June,12,12,1,Sunday,2022,22,10:00pm-10:59pm,10,10,US-287   S COLLEGE AVE,NA,2,US Highway,2,Urban,3,Principal Arterial - Other,1,State Highway Agency,1,This section IS ON the NHS,0,No Special Jurisdiction,3400,3400,40.49224167,40.49224167,-105.07743611,-105.07743611,8,Pedestrian,0,The First Harmful Event was Not a Collision with a Motor Vehicle in Transport,0,No,1,Non-Junction,1,Not an Intersection,1,On Roadway,0,None,2,Dark - Not Lighted,1,Clear,0,No,0000000,Not Applicable,22,10:00pm-10:59pm,10,10,22,10:00pm-10:59pm,14,14,88,Not Applicable (Not Transported),88,Not Applicable (Not Transported),1
8,Colorado,80253,0,0,4,4,0,10,10,123,WELD (123),1620,MEAD,6,June,13,13,2,Monday,2022,13,1:00pm-1:59pm,27,27,I-25,NA,1,Interstate,1,Rural,1,Interstate,1,State Highway Agency,1,This section IS ON the NHS,0,No Special Jurisdiction,2430,2430,40.20098333,40.20098333,-104.97997222,-104.97997222,12,Motor Vehicle In-Transport,1,Front-to-Rear,1,Yes,18,Through Roadway,1,Not an Intersection,1,On Roadway,0,None,1,Daylight,1,Clear,0,No,0000000,Not Applicable,13,1:00pm-1:59pm,27,27,99,Unknown EMS Scene Arrival Hour,99,Unknown EMS Scene Arrival Minutes,99,Unknown,99,Unknown EMS Hospital Arrival Time,5
8,Colorado,80254,0,0,1,1,0,1,1,13,BOULDER (13),0,NOT APPLICABLE,6,June,13,13,2,Monday,2022,14,2:00pm-2:59pm,43,43,US-36,NA,2,US Highway,1,Rural,3,Principal Arterial - Other,1,State Highway Agency,1,This section IS ON the NHS,0,No Special Jurisdiction,167,167,40.24672222,40.24672222,-105.30873333,-105.30873333,1,Rollover/Overturn,0,The First Harmful Event was Not a Collision with a Motor Vehicle in Transport,0,No,1,Non-Junction,1,Not an Intersection,2,On Shoulder,0,None,1,Daylight,1,Clear,0,No,0000000,Not Applicable,14,2:00pm-2:59pm,43,43,14,2:00pm-2:59pm,52,52,15,3:00pm-3:59pm,46,46,1
8,Colorado,80255,0,0,3,3,0,3,3,123,WELD (123),540,DACONO,6,June,13,13,2,Monday,2022,14,2:00pm-2:59pm,18,18,I-25,NA,1,Interstate,2,Urban,1,Interstate,1,State Highway Agency,1,This section IS ON the NHS,0,No Special Jurisdiction,2342,2342,40.07436111,40.07436111,-104.98025278,-104.98025278,12,Motor Vehicle In-Transport,1,Front-to-Rear,0,No,1,Non-Junction,1,Not an Intersection,1,On Roadway,0,None,1,Daylight,1,Clear,0,No,0000000,Not Applicable,14,2:00pm-2:59pm,20,20,14,2:00pm-2:59pm,27,27,88,Not Applicable (Not Transported),88,Not Applicable (Not Transported),1
8,Colorado,80256,0,0,2,2,0,6,6,35,DOUGLAS (35),0,NOT APPLICABLE,6,June,16,16,5,Thursday,2022,0,0:00am-0:59am,10,10,SR-83,NA,3,State Highway,2,Urban,3,Principal Arterial - Other,1,State Highway Agency,1,This section IS ON the NHS,0,No Special Jurisdiction,543,543,39.44115556,39.44115556,-104.75984444,-104.75984444,12,Motor Vehicle In-Transport,1,Front-to-Rear,0,No,1,Non-Junction,1,Not an Intersection,1,On Roadway,0,None,2,Dark - Not Lighted,1,Clear,0,No,0000000,Not Applicable,0,0:00am-0:59am,13,13,0,0:00am-0:59am,17,17,0,0:00am-0:59am,34,34,2
8,Colorado,80257,0,0,1,1,0,1,1,59,JEFFERSON (59),0,NOT APPLICABLE,6,June,15,15,4,Wednesday,2022,23,11:00pm-11:59pm,0,0,SR-74,NA,3,State Highway,1,Rural,4,Minor Arterial,1,State Highway Agency,0,This section IS NOT on the NHS,0,No Special Jurisdiction,128,128,39.66840278,39.66840278,-105.26373889,-105.26373889,17,Boulder,0,The First Harmful Event was Not a Collision with a Motor Vehicle in Transport,0,No,1,Non-Junction,1,Not an Intersection,4,On Roadside,0,None,2,Dark - Not Lighted,1,Clear,0,No,0000000,Not Applicable,99,Unknown,99,Unknown,99,Unknown EMS Scene Arrival Hour,99,Unknown EMS Scene Arrival Minutes,88,Not Applicable (Not Transported),88,Not Applicable (Not Transported),1
8,Colorado,80258,0,0,1,1,0,2,2,113,SAN MIGUEL (113),0,NOT APPLICABLE,6,June,16,16,5,Thursday,2022,14,2:00pm-2:59pm,25,25,SR-141,NA,3,State Highway,1,Rural,5,Major Collector,1,State Highway Agency,0,This section IS NOT on the NHS,0,No Special Jurisdiction,413,413,38.04194444,38.04194444,-108.58161111,-108.58161111,31,"Post, Pole or Other Supports",0,The First Harmful Event was Not a Collision with a Motor Vehicle in Transport,0,No,1,Non-Junction,1,Not an Intersection,4,On Roadside,0,None,1,Daylight,1,Clear,0,No,0000000,Not Applicable,99,Unknown,99,Unknown,99,Unknown EMS Scene Arrival Hour,99,Unknown EMS Scene Arrival Minutes,88,Not Applicable (Not Transported),88,Not Applicable (Not Transported),2
8,Colorado,80259,0,0,1,1,0,1,1,7,ARCHULETA (7),0,NOT APPLICABLE,6,June,16,16,5,Thursday,2022,14,2:00pm-2:59pm,46,46,US-160,NA,2,US Highway,1,Rural,3,Principal Arterial - Other,1,State Highway Agency,1,This section IS ON the NHS,0,No Special Jurisdiction,1472,1472,37.30372222,37.30372222,-106.96923333,-106.96923333,1,Rollover/Overturn,0,The First Harmful Event was Not a Collision with a Motor Vehicle in Transport,0,No,8,Driveway Access Related,1,Not an Intersection,4,On Roadside,0,None,1,Daylight,1,Clear,0,No,0000000,Not Applicable,14,2:00pm-2:59pm,48,48,15,3:00pm-3:59pm,0,0,15,3:00pm-3:59pm,28,28,1
8,Colorado,80260,0,0,1,1,0,3,3,31,DENVER (31),600,DENVER,6,June,5,5,1,Sunday,2022,1,1:00am-1:59am,58,58,PENA BLVD,NA,6,Local Street - Municipality,2,Urban,2,Principal Arterial - Other Freeways and Expressways,4,City or Municipal Highway Agency,1,This section IS ON the NHS,0,No Special Jurisdiction,45,45,39.818,39.818,-104.78720556,-104.78720556,31,"Post, Pole or Other Supports",0,The First Harmful Event was Not a Collision with a Motor Vehicle in Transport,0,No,1,Non-Junction,1,Not an Intersection,4,On Roadside,0,None,3,Dark - Lighted,1,Clear,0,No,0000000,Not Applicable,1,1:00am-1:59am,58,58,2,2:00am-2:59am,16,16,2,2:00am-2:59am,41,41,1