STATE,STATENAME,ST_CASE,PEDS,PERNOTMVIT,VE_TOTAL,VE_FORMS,PVH_INVL,PERSONS,PERMVIT,COUNTY,COUNTYNAME,CITY,CITYNAME,MONTH,MONTHNAME,DAY,DAYNAME,DAY_WEEK,DAY_WEEKNAME,YEAR,HOUR,HOURNAME,MINUTE,MINUTENAME,TWAY_ID,TWAY_ID2,ROUTE,ROUTENAME,RUR_URB,RUR_URBNAME,FUNC_SYS,FUNC_SYSNAME,RD_OWNER,RD_OWNERNAME,NHS,NHSNAME,SP_JUR,SP_JURNAME,MILEPT,MILEPTNAME,LATITUDE,LATITUDENAME,LONGITUD,LONGITUDNAME,HARM_EV,HARM_EVNAME,MAN_COLL,MAN_COLLNAME,RELJCT1,RELJCT1NAME,RELJCT2,RELJCT2NAME,TYP_INT,TYP_INTNAME,REL_ROAD,REL_ROADNAME,WRK_ZONE,WRK_ZONENAME,LGT_COND,LGT_CONDNAME,WEATHER,WEATHERNAME,SCH_BUS,SCH_BUSNAME,RAIL,RAILNAME,NOT_HOUR,NOT_HOURNAME,NOT_MIN,NOT_MINNAME,ARR_HOUR,ARR_HOURNAME,ARR_MIN,ARR_MINNAME,HOSP_HR,HOSP_HRNAME,HOSP_MN,HOSP_MNNAME,FATALS
8,Colorado,80409,0,0,2,2,0,2,2,1,ADAMS (1),110,AURORA,8,August,14,14,1,Sunday,2022,2,2:00am-2:59am,14,14,N TOWER RD,E 38TH AVE,6,Local Street - Municipality,2,Urban,4,Minor Arterial,4,City or Municipal Highway Agency,0,This section IS NOT on the NHS,0,No Special Jurisdiction,0,None,39.76916667,39.76916667,-104.77215,-104.77215,12,Motor Vehicle In-Transport,6,Angle,0,No,2,Intersection,2,Four-Way Intersection,1,On Roadway,0,None,3,Dark - Lighted,1,Clear,0,No,0000000,Not Applicable,2,2:00am-2:59am,16,16,2,2:00am-2:59am,21,21,88,Not Applicable (Not Transported),88,Not Applicable (Not Transported),2
8,Colorado,80410,0,0,1,1,0,2,2,93,PARK (93),0,NOT APPLICABLE,8,August,29,29,2,Monday,2022,19,7:00pm-7:59pm,33,33,US-285,NA,2,US Highway,1,Rural,3,Principal Arterial - Other,1,State Highway Agency,1,This section IS ON the NHS,0,No Special Jurisdiction,2221,2221,39.40553889,39.40553889,-105.47441667,-105.47441667,1,Rollover/Overturn,0,The First Harmful Event was Not a Collision with a Motor Vehicle in Transport,0,No,1,Non-Junction,1,Not an Intersection,1,On Roadway,0,None,5,Dusk,1,Clear,0,No,0000000,Not Applicable,99,Unknown,99,Unknown,99,Unknown EMS Scene Arrival Hour,99,Unknown EMS Scene Arrival Minutes,99,Unknown,99,Unknown EMS Hospital Arrival Time,1
8,Colorado,80411,1,1,1,1,0,4,4,13,BOULDER (13),1530,LONGMONT,8,August,30,30,3,Tuesday,2022,9,9:00am-9:59am,9,9,3RD AVE,PRATT ST,6,Local Street - Municipality,2,Urban,4,Minor Arterial,4,City or Municipal Highway Agency,0,This section IS NOT on the NHS,0,No Special Jurisdiction,0,None,40.16391667,40.16391667,-105.10675,-105.10675,8,Pedestrian,0,The First Harmful Event was Not a Collision with a Motor Vehicle in Transport,0,No,3,Intersection-Related,2,Four-Way Intersection,1,On Roadway,0,None,1,Daylight,1,Clear,0,No,0000000,Not Applicable,9,9:00am-9:59am,9,9,9,9:00am-9:59am,15,15,9,9:00am-9:59am,38,38,1
8,Colorado,80412,0,0,2,2,0,4,4,13,BOULDER (13),0,NOT APPLICABLE,8,August,22,22,2,Monday,2022,17,5:00pm-5:59pm,43,43,SR-66,CR-1,3,State Highway,2,Urban,3,Principal Arterial - Other,1,State Highway Agency,1,This section IS ON the NHS,0,No Special Jurisdiction,389,389,40.20363889,40.20363889,-105.05519444,-105.05519444,12,Motor Vehicle In-Transport,6,Angle,0,No,2,Intersection,2,Four-Way Intersection,1,On Roadway,0,None,1,Daylight,1,Clear,0,No,0000000,Not Applicable,99,Unknown,99,Unknown,99,Unknown EMS Scene Arrival Hour,99,Unknown EMS Scene Arrival Minutes,99,Unknown,99,Unknown EMS Hospital Arrival Time,1
8,Colorado,80413,0,0,1,1,0,1,1,31,DENVER (31),600,DENVER,8,August,13,13,7,Saturday,2022,4,4:00am-4:59am,6,6,E 56TH AVE,NA,6,Local Street - Municipality,2,Urban,3,Principal Arterial - Other,4,City or Municipal Highway Agency,1,This section IS ON the NHS,0,No Special Jurisdiction,0,None,39.79813333,39.79813333,-104.84556111,-104.84556111,30,Utility Pole/Light Support,0,The First Harmful Event was Not a Collision with a Motor Vehicle in Transport,0,No,1,Non-Junction,1,Not an Intersection,4,On Roadside,0,None,3,Dark - Lighted,1,Clear,0,No,0000000,Not Applicable,4,4:00am-4:59am,7,7,4,4:00am-4:59am,21,21,99,Unknown,99,Unknown EMS Hospital Arrival Time,1
8,Colorado,80414,0,0,3,3,0,5,5,41,EL PASO (41),430,COLORADO SPRINGS,8,August,28,28,1,Sunday,2022,1,1:00am-1:59am,48,48,I-25,NA,1,Interstate,2,Urban,1,Interstate,1,State Highway Agency,1,This section IS ON the NHS,0,No Special Jurisdiction,1490,1490,38.93435,38.93435,-104.81236667,-104.81236667,12,Motor Vehicle In-Transport,2,Front-to-Front,1,Yes,18,Through Roadway,1,Not an Intersection,1,On Roadway,0,None,3,Dark - Lighted,1,Clear,0,No,0000000,Not Applicable,1,1:00am-1:59am,49,49,2,2:00am-2:59am,0,0,99,Unknown,99,Unknown EMS Hospital Arrival Time,1
8,Colorado,80415,0,0,1,1,0,1,1,41,EL PASO (41),430,COLORADO SPRINGS,8,August,29,29,2,Monday,2022,9,9:00am-9:59am,39,39,PAYTON CIRCLE,NA,6,Local Street - Municipality,2,Urban,7,Local,4,City or Municipal Highway Agency,0,This section IS NOT on the NHS,0,No Special Jurisdiction,0,None,38.86138889,38.86138889,-104.73836667,-104.73836667,42,Tree (Standing Only),0,The First Harmful Event was Not a Collision with a Motor Vehicle in Transport,0,No,1,Non-Junction,1,Not an Intersection,5,Outside Trafficway,0,None,1,Daylight,1,Clear,0,No,0000000,Not Applicable,9,9:00am-9:59am,41,41,9,9:00am-9:59am,48,48,10,10:00am-10:59am,19,19,1
8,Colorado,80416,0,0,2,2,0,3,3,41,EL PASO (41),430,COLORADO SPRINGS,8,August,29,29,2,Monday,2022,20,8:00pm-8:59pm,30,30,S CIRCLE DR,NA,6,Local Street - Municipality,2,Urban,3,Principal Arterial - Other,4,City or Municipal Highway Agency,1,This section IS ON the NHS,0,No Special Jurisdiction,0,None,38.79611111,38.79611111,-104.79305556,-104.79305556,12,Motor Vehicle In-Transport,6,Angle,0,No,8,Driveway Access Related,1,Not an Intersection,1,On Roadway,0,None,3,Dark - Lighted,1,Clear,0,No,0000000,Not Applicable,20,8:00pm-8:59pm,30,30,20,8:00pm-8:59pm,36,36,21,9:00pm-9:59pm,3,3,1
8,Colorado,80417,0,0,2,2,0,4,4,77,MESA (77),0,NOT APPLICABLE,8,August,31,31,4,Wednesday,2022,7,7:00am-7:59am,0,0,I-70,NA,1,Interstate,1,Rural,1,Interstate,1,State Highway Agency,1,This section IS ON the NHS,0,No Special Jurisdiction,121,121,39.204375,39.204375,-108.85525,-108.85525,12,Motor Vehicle In-Transport,1,Front-to-Rear,0,No,1,Non-Junction,1,Not an Intersection,1,On Roadway,0,None,1,Daylight,1,Clear,0,No,0000000,Not Applicable,99,Unknown,99,Unknown,99,Unknown EMS Scene Arrival Hour,99,Unknown EMS Scene Arrival Minutes,99,Unknown,99,Unknown EMS Hospital Arrival Time,2
8,Colorado,80418,0,0,1,1,0,2,2,1,ADAMS (1),0,NOT APPLICABLE,8,August,31,31,4,Wednesday,2022,23,11:00pm-11:59pm,41,41,I-76 FRONTAGE RD,CR-DAHLIA ST,7,Local Street - Frontage Road,2,Urban,1,Interstate,1,State Highway Agency,1,This section IS ON the NHS,0,No Special Jurisdiction,89,89,39.83988889,39.83988889,-104.93163889,-104.93163889,18,Other Object (not fixed),0,The First Harmful Event was Not a Collision with a Motor Vehicle in Transport,0,No,3,Intersection-Related,2,Four-Way Intersection,5,Outside Trafficway,0,None,2,Dark - Not Lighted,1,Clear,0,No,0000000,Not Applicable,23,11:00pm-11:59pm,52,52,23,11:00pm-11:59pm,56,56,88,Not Applicable (Not Transported),88,Not Applicable (Not Transported),2
8,Colorado,80419,1,1,2,2,0,2,2,41,EL PASO (41),430,COLORADO SPRINGS,8,August,26,26,6,Friday,2022,17,5:00pm-5:59pm,30,30,S 8TH ST,LOWER GOLD CAMP RD,6,Local Street - Municipality,2,Urban,3,Principal Arterial - Other,4,City or Municipal Highway Agency,0,This section IS NOT on the NHS,0,No Special Jurisdiction,0,None,38.82451111,38.82451111,-104.84019444,-104.84019444,12,Motor Vehicle In-Transport,6,Angle,0,No,2,Intersection,2,Four-Way Intersection,1,On Roadway,0,None,1,Daylight,2,Rain,0,No,0000000,Not Applicable,17,5:00pm-5:59pm,31,31,17,5:00pm-5:59pm,37,37,99,Unknown,99,Unknown EMS Hospital Arrival Time,1
8,Colorado,80420,1,1,2,2,0,2,2,1,ADAMS (1),0,NOT APPLICABLE,8,August,31,31,4,Wednesday,2022,5,5:00am-5:59am,57,57,CR-N PECOS ST,NA,4,County Road,2,Urban,3,Principal Arterial - Other,2,County Highway Agency,1,This section IS ON the NHS,0,No Special Jurisdiction,0,None,39.82898333,39.82898333,-105.00613333,-105.00613333,8,Pedestrian,0,The First Harmful Event was Not a Collision with a Motor Vehicle in Transport,0,No,1,Non-Junction,1,Not an Intersection,1,On Roadway,0,None,3,Dark - Lighted,1,Clear,0,No,0000000,Not Applicable,5,5:00am-5:59am,59,59,6,6:00am-6:59am,3,3,6,6:00am-6:59am,18,18,1
8,Colorado,80421,0,0,2,2,0,2,2,5,ARAPAHOE (5),110,AURORA,8,August,6,6,7,Saturday,2022,12,12:00pm-12:59pm,7,7,S PEORIA ST,E ARCHER PL,6,Local Street - Municipality,2,Urban,3,Principal Arterial - Other,4,City or Municipal Highway Agency,1,This section IS ON the NHS,0,No Special Jurisdiction,0,None,39.71585556,39.71585556,-104.84732778,-104.84732778,12,Motor Vehicle In-Transport,6,Angle,0,No,2,Intersection,3,T-Intersection,1,On Roadway,0,None,1,Daylight,1,Clear,0,No,0000000,Not Applicable,12,12:00pm-12:59pm,7,7,12,12:00pm-12:59pm,12,12,12,12:00pm-12:59pm,18,18,1
8,Colorado,80422,0,0,1,1,0,1,1,41,EL PASO (41),430,COLORADO SPRINGS,8,August,31,31,4,Wednesday,2022,18,6:00pm-6:59pm,30,30,S ACADEMY BLVD,NA,6,Local Street - Municipality,2,Urban,2,Principal Arterial - Other Freeways and Expressways,4,City or Municipal Highway Agency,1,This section IS ON the NHS,0,No Special Jurisdiction,0,None,38.77862778,38.77862778,-104.75722222,-104.75722222,33,Curb,0,The First Harmful Event was Not a Collision with a Motor Vehicle in Transport,1,Yes,19,Other location within Interchange Area,1,Not an Intersection,3,On Median,0,None,1,Daylight,1,Clear,0,No,0000000,Not Applicable,19,7:00pm-7:59pm,17,17,20,8:00pm-8:59pm,0,0,88,Not Applicable (Not Transported),88,Not Applicable (Not Transported),1
8,Colorado,80423,1,1,1,1,0,1,1,41,EL PASO (41),430,COLORADO SPRINGS,8,August,31,31,4,Wednesday,2022,23,11:00pm-11:59pm,34,34,AUSTIN BLUFFS PKWY,NA,6,Local Street - Municipality,2,Urban,3,Principal Arterial - Other,4,City or Municipal Highway Agency,1,This section IS ON the NHS,0,No Special Jurisdiction,0,None,38.89065556,38.89065556,-104.76040556,-104.76040556,8,Pedestrian,0,The First Harmful Event was Not a Collision with a Motor Vehicle in Transport,0,No,1,Non-Junction,1,Not an Intersection,1,On Roadway,0,None,3,Dark - Lighted,1,Clear,0,No,0000000,Not Applicable,23,11:00pm-11:59pm,34,34,23,11:00pm-11:59pm,38,38,88,Not Applicable (Not Transported),88,Not Applicable (Not Transported),1
8,Colorado,80424,0,0,2,2,0,3,3,5,ARAPAHOE (5),110,AURORA,8,August,11,11,5,Thursday,2022,16,4:00pm-4:59pm,49,49,S BUCKLEY RD,E ARKANSAS PL,6,Local Street - Municipality,2,Urban,3,Principal Arterial - Other,4,City or Municipal Highway Agency,1,This section IS ON the NHS,0,No Special Jurisdiction,0,None,39.69220556,39.69220556,-104.79093056,-104.79093056,12,Motor Vehicle In-Transport,6,Angle,0,No,2,Intersection,2,Four-Way Intersection,1,On Roadway,0,None,1,Daylight,1,Clear,0,No,0000000,Not Applicable,16,4:00pm-4:59pm,49,49,17,5:00pm-5:59pm,0,0,17,5:00pm-5:59pm,15,15,1
8,Colorado,80425,0,0,2,2,0,6,6,31,DENVER (31),600,DENVER,8,August,18,18,5,Thursday,2022,15,3:00pm-3:59pm,16,16,S KNOX CT,W VIRGINIA AVE,6,Local Street - Municipality,2,Urban,7,Local,4,City or Municipal Highway Agency,0,This section IS NOT on the NHS,0,No Special Jurisdiction,0,None,39.70772222,39.70772222,-105.03248333,-105.03248333,54,"Motor Vehicle In-Transport Strikes or is Struck by Cargo, Persons or Objects Set-in-Motion from/by Another Motor Vehicle In Transport",11,Other,0,No,2,Intersection,2,Four-Way Intersection,1,On Roadway,0,None,1,Daylight,1,Clear,0,No,0000000,Not Applicable,15,3:00pm-3:59pm,18,18,15,3:00pm-3:59pm,23,23,15,3:00pm-3:59pm,45,45,2
8,Colorado,80426,1,1,1,1,0,1,1,31,DENVER (31),600,DENVER,8,August,10,10,4,Wednesday,2022,7,7:00am-7:59am,1,1,E 13TH AVE,N SYRACUSE ST,6,Local Street - Municipality,2,Urban,4,Minor Arterial,4,City or Municipal Highway Agency,0,This section IS NOT on the NHS,0,No Special Jurisdiction,0,None,39.73724167,39.73724167,-104.89870556,-104.89870556,9,Pedalcyclist,0,The First Harmful Event was Not a Collision with a Motor Vehicle in Transport,0,No,2,Intersection,2,Four-Way Intersection,1,On Roadway,0,None,1,Daylight,1,Clear,0,No,0000000,Not Applicable,7,7:00am-7:59am,2,2,7,7:00am-7:59am,7,7,7,7:00am-7:59am,24,24,1
8,Colorado,80427,0,0,2,2,0,3,3,41,EL PASO (41),430,COLORADO SPRINGS,8,August,22,22,2,Monday,2022,20,8:00pm-8:59pm,53,53,E PLATTE AVE,N MURRY BLVD,6,Local Street - Municipality,2,Urban,3,Principal Arterial - Other,4,City or Municipal Highway Agency,1,This section IS ON the NHS,0,No Special Jurisdiction,0,None,38.83966111,38.83966111,-104.74811111,-104.74811111,12,Motor Vehicle In-Transport,6,Angle,0,No,2,Intersection,2,Four-Way Intersection,1,On Roadway,0,None,3,Dark - Lighted,1,Clear,0,No,0000000,Not Applicable,20,8:00pm-8:59pm,54,54,21,9:00pm-9:59pm,2,2,21,9:00pm-9:59pm,16,16,1
8,Colorado,80428,1,1,1,1,0,1,1,69,LARIMER (69),860,FORT COLLINS,8,August,20,20,7,Saturday,2022,17,5:00pm-5:59pm,20,20,S TAFT HILL RD,W TRILBY RD,6,Local Street - Municipality,2,Urban,4,Minor Arterial,4,City or Municipal Highway Agency,0,This section IS NOT on the NHS,0,No Special Jurisdiction,0,None,40.49441667,40.49441667,-105.11556667,-105.11556667,9,Pedalcyclist,0,The First Harmful Event was Not a Collision with a Motor Vehicle in Transport,0,No,2,Intersection,2,Four-Way Intersection,1,On Roadway,0,None,1,Daylight,1,Clear,0,No,0000000,Not Applicable,17,5:00pm-5:59pm,20,20,17,5:00pm-5:59pm,29,29,17,5:00pm-5:59pm,37,37,1
8,Colorado,80429,1,1,1,1,0,1,1,31,DENVER (31),600,DENVER,8,August,17,17,4,Wednesday,2022,22,10:00pm-10:59pm,38,38,US-40   W COLFAX AVE,NA,2,US Highway,2,Urban,3,Principal Arterial - Other,1,State Highway Agency,1,This section IS ON the NHS,0,No Special Jurisdiction,2964,2964,39.740475000000004,39.740475000000004,-105.02130833,-105.02130833,8,Pedestrian,0,The First Harmful Event was Not a Collision with a Motor Vehicle in Transport,0,No,1,Non-Junction,1,Not an Intersection,1,On Roadway,0,None,3,Dark - Lighted,1,Clear,0,No,0000000,Not Applicable,22,10:00pm-10:59pm,38,38,22,10:00pm-10:59pm,40,40,88,Not Applicable (Not Transported),88,Not Applicable (Not Transported),1
8,Colorado,80430,1,1,1,1,0,1,1,31,DENVER (31),600,DENVER,8,August,22,22,2,Monday,2022,21,9:00pm-9:59pm,1,1,SR-95   S SHERIDAN BLVD,MORRISON RD,3,State Highway,2,Urban,3,Principal Arterial - Other,1,State Highway Agency,1,This section IS ON the NHS,0,No Special Jurisdiction,30,30,39.69708333,39.69708333,-105.05320833,-105.05320833,8,Pedestrian,0,The First Harmful Event was Not a Collision with a Motor Vehicle in Transport,0,No,3,Intersection-Related,2,Four-Way Intersection,1,On Roadway,0,None,3,Dark - Lighted,1,Clear,0,No,0000000,Not Applicable,21,9:00pm-9:59pm,1,1,21,9:00pm-9:59pm,3,3,88,Not Applicable (Not Transported),88,Not Applicable (Not Transported),1
8,Colorado,80431,0,0,1,1,0,1,1,41,EL PASO (41),1710,MONUMENT,8,August,29,29,2,Monday,2022,9,9:00am-9:59am,10,10,CR-105,KNOLLWOOD RD,6,Local Street - Municipality,2,Urban,4,Minor Arterial,4,City or Municipal Highway Agency,0,This section IS NOT on the NHS,0,No Special Jurisdiction,0,None,39.09298611,39.09298611,-104.85147222,-104.85147222,46,Traffic Signal Support,0,The First Harmful Event was Not a Collision with a Motor Vehicle in Transport,0,No,3,Intersection-Related,2,Four-Way Intersection,4,On Roadside,0,None,1,Daylight,1,Clear,0,No,0000000,Not Applicable,99,Unknown,99,Unknown,99,Unknown EMS Scene Arrival Hour,99,Unknown EMS Scene Arrival Minutes,88,Not Applicable (Not Transported),88,Not Applicable (Not Transported),1
8,Colorado,80432,0,0,3,3,0,4,4,35,DOUGLAS (35),1952,PARKER,8,August,13,13,7,Saturday,2022,14,2:00pm-2:59pm,35,35,E MAINSTREET,STONEHENGE WAY,6,Local Street - Municipality,2,Urban,4,Minor Arterial,4,City or Municipal Highway Agency,0,This section IS NOT on the NHS,0,No Special Jurisdiction,0,None,39.51714722,39.51714722,-104.75011944,-104.75011944,12,Motor Vehicle In-Transport,6,Angle,0,No,2,Intersection,2,Four-Way Intersection,1,On Roadway,0,None,1,Daylight,1,Clear,0,No,0000000,Not Applicable,99,Unknown,99,Unknown,99,Unknown EMS Scene Arrival Hour,99,Unknown EMS Scene Arrival Minutes,99,Unknown,99,Unknown EMS Hospital Arrival Time,1
8,Colorado,80433,1,1,1,1,0,1,1,1,ADAMS (1),110,AURORA,8,August,16,16,3,Tuesday,2022,22,10:00pm-10:59pm,55,55,N PEORIA ST,NA,6,Local Street - Municipality,2,Urban,3,Principal Arterial - Other,4,City or Municipal Highway Agency,1,This section IS ON the NHS,0,No Special Jurisdiction,0,None,39.74429167,39.74429167,-104.847075,-104.847075,8,Pedestrian,0,The First Harmful Event was Not a Collision with a Motor Vehicle in Transport,0,No,1,Non-Junction,1,Not an Intersection,1,On Roadway,0,None,3,Dark - Lighted,1,Clear,0,No,0000000,Not Applicable,22,10:00pm-10:59pm,57,57,22,10:00pm-10:59pm,58,58,23,11:00pm-11:59pm,7,7,1
8,Colorado,80434,0,0,1,1,0,2,2,35,DOUGLAS (35),0,NOT APPLICABLE,8,August,1,1,2,Monday,2022,17,5:00pm-5:59pm,15,15,CR-LUCENT BLVD,SR-470 ON-RAMP,4,County Road,2,Urban,4,Minor Arterial,2,County Highway Agency,0,This section IS NOT on the NHS,0,No Special Jurisdiction,0,None,39.55826389,39.55826389,-105.00790833,-105.00790833,33,Curb,0,The First Harmful Event was Not a Collision with a Motor Vehicle in Transport,1,Yes,3,Intersection-Related,2,Four-Way Intersection,4,On Roadside,0,None,1,Daylight,10,Cloudy,0,No,0000000,Not Applicable,99,Unknown,99,Unknown,99,Unknown EMS Scene Arrival Hour,99,Unknown EMS Scene Arrival Minutes,99,Unknown,99,Unknown EMS Hospital Arrival Time,1
8,Colorado,80435,0,0,1,1,0,2,2,5,ARAPAHOE (5),0,NOT APPLICABLE,9,September,1,1,5,Thursday,2022,23,11:00pm-11:59pm,8,8,I-225,NA,1,Interstate,2,Urban,1,Interstate,1,State Highway Agency,1,This section IS ON the NHS,0,No Special Jurisdiction,33,33,39.65459167,39.65459167,-104.85367778,-104.85367778,1,Rollover/Overturn,0,The First Harmful Event was Not a Collision with a Motor Vehicle in Transport,0,No,1,Non-Junction,1,Not an Intersection,1,On Roadway,0,None,3,Dark - Lighted,1,Clear,0,No,0000000,Not Applicable,23,11:00pm-11:59pm,9,9,23,11:00pm-11:59pm,23,23,23,11:00pm-11:59pm,40,40,1
8,Colorado,80436,0,0,1,1,0,1,1,123,WELD (123),0,NOT APPLICABLE,9,September,2,2,6,Friday,2022,16,4:00pm-4:59pm,0,0,CR-390,NA,4,County Road,1,Rural,5,Major Collector,2,County Highway Agency,0,This section IS NOT on the NHS,0,No Special Jurisdiction,0,None,40.93848889,40.93848889,-104.26388889,-104.26388889,1,Rollover/Overturn,0,The First Harmful Event was Not a Collision with a Motor Vehicle in Transport,0,No,1,Non-Junction,1,Not an Intersection,4,On Roadside,0,None,1,Daylight,1,Clear,0,No,0000000,Not Applicable,99,Unknown,99,Unknown,99,Unknown EMS Scene Arrival Hour,99,Unknown EMS Scene Arrival Minutes,88,Not Applicable (Not Transported),88,Not Applicable (Not Transported),1
8,Colorado,80437,0,0,1,1,0,1,1,1,ADAMS (1),2427,THORNTON,9,September,2,2,6,Friday,2022,2,2:00am-2:59am,30,30,THORNTON PKWY,NA,6,Local Street - Municipality,2,Urban,7,Local,4,City or Municipal Highway Agency,0,This section IS NOT on the NHS,0,No Special Jurisdiction,0,None,39.87045,39.87045,-104.95338611,-104.95338611,42,Tree (Standing Only),0,The First Harmful Event was Not a Collision with a Motor Vehicle in Transport,0,No,1,Non-Junction,1,Not an Intersection,4,On Roadside,0,None,3,Dark - Lighted,1,Clear,0,No,0000000,Not Applicable,2,2:00am-2:59am,45,45,2,2:00am-2:59am,50,50,88,Not Applicable (Not Transported),88,Not Applicable (Not Transported),1
8,Colorado,80438,0,0,1,1,0,4,4,1,ADAMS (1),0,NOT APPLICABLE,9,September,3,3,7,Saturday,2022,4,4:00am-4:59am,0,0,CR-RIVERDALE RD,CR-E 136TH AVE,4,County Road,2,Urban,5,Major Collector,2,County Highway Agency,0,This section IS NOT on the NHS,0,No Special Jurisdiction,0,None,39.94318333,39.94318333,-104.87084167,-104.87084167,34,Ditch,0,The First Harmful Event was Not a Collision with a Motor Vehicle in Transport,0,No,3,Intersection-Related,3,T-Intersection,4,On Roadside,0,None,2,Dark - Not Lighted,1,Clear,0,No,0000000,Not Applicable,6,6:00am-6:59am,6,6,6,6:00am-6:59am,16,16,6,6:00am-6:59am,50,50,3
8,Colorado,80439,0,0,2,1,1,1,1,31,DENVER (31),600,DENVER,9,September,6,6,3,Tuesday,2022,2,2:00am-2:59am,2,2,W 10TH AVE,NA,6,Local Street - Municipality,2,Urban,5,Major Collector,4,City or Municipal Highway Agency,0,This section IS NOT on the NHS,0,No Special Jurisdiction,0,None,39.73314722,39.73314722,-105.05190278,-105.05190278,14,Parked Motor Vehicle,0,The First Harmful Event was Not a Collision with a Motor Vehicle in Transport,0,No,1,Non-Junction,1,Not an Intersection,7,In Parking Lane/Zone,0,None,3,Dark - Lighted,1,Clear,0,No,0000000,Not Applicable,2,2:00am-2:59am,2,2,2,2:00am-2:59am,7,7,2,2:00am-2:59am,24,24,1
8,Colorado,80440,0,0,1,1,0,2,2,43,FREMONT (43),0,NOT APPLICABLE,9,September,6,6,3,Tuesday,2022,6,6:00am-6:59am,0,0,US-50,NA,2,US Highway,1,Rural,3,Principal Arterial - Other,1,State Highway Agency,1,This section IS ON the NHS,0,No Special Jurisdiction,2359,2359,38.42844444,38.42844444,-105.81246667,-105.81246667,52,Guardrail End,0,The First Harmful Event was Not a Collision with a Motor Vehicle in Transport,0,No,1,Non-Junction,1,Not an Intersection,4,On Roadside,0,None,1,Daylight,1,Clear,0,No,0000000,Not Applicable,99,Unknown,99,Unknown,99,Unknown EMS Scene Arrival Hour,99,Unknown EMS Scene Arrival Minutes,88,Not Applicable (Not Transported),88,Not Applicable (Not Transported),1
8,Colorado,80441,0,0,1,1,0,1,1,27,CUSTER (27),0,NOT APPLICABLE,9,September,3,3,7,Saturday,2022,14,2:00pm-2:59pm,4,4,CR-387,NA,4,County Road,1,Rural,5,Major Collector,2,County Highway Agency,0,This section IS NOT on the NHS,0,No Special Jurisdiction,50,50,38.13822222,38.13822222,-105.06888889,-105.06888889,42,Tree (Standing Only),0,The First Harmful Event was Not a Collision with a Motor Vehicle in Transport,0,No,1,Non-Junction,1,Not an Intersection,4,On Roadside,0,None,1,Daylight,1,Clear,0,No,0000000,Not Applicable,14,2:00pm-2:59pm,10,10,99,Unknown EMS Scene Arrival Hour,99,Unknown EMS Scene Arrival Minutes,88,Not Applicable (Not Transported),88,Not Applicable (Not Transported),1
8,Colorado,80442,0,0,2,2,0,2,2,69,LARIMER (69),1550,LOVELAND,9,September,4,4,1,Sunday,2022,19,7:00pm-7:59pm,10,10,US-34,NA,2,US Highway,2,Urban,3,Principal Arterial - Other,1,State Highway Agency,1,This section IS ON the NHS,0,No Special Jurisdiction,895,895,40.40724444,40.40724444,-105.11952222,-105.11952222,12,Motor Vehicle In-Transport,6,Angle,0,No,8,Driveway Access Related,1,Not an Intersection,1,On Roadway,0,None,1,Daylight,1,Clear,0,No,0000000,Not Applicable,19,7:00pm-7:59pm,11,11,19,7:00pm-7:59pm,18,18,19,7:00pm-7:59pm,18,18,1
8,Colorado,80443,0,0,1,1,0,1,1,31,DENVER (31),600,DENVER,9,September,5,5,2,Monday,2022,0,0:00am-0:59am,25,25,US-285 ON-RAMP,NA,2,US Highway,2,Urban,2,Principal Arterial - Other Freeways and Expressways,1,State Highway Agency,1,This section IS ON the NHS,0,No Special Jurisdiction,2567,2567,39.65225833,39.65225833,-105.05124444,-105.05124444,34,Ditch,0,The First Harmful Event was Not a Collision with a Motor Vehicle in Transport,1,Yes,5,Entrance/Exit Ramp Related,1,Not an Intersection,4,On Roadside,0,None,3,Dark - Lighted,1,Clear,0,No,0000000,Not Applicable,0,0:00am-0:59am,26,26,0,0:00am-0:59am,33,33,0,0:00am-0:59am,48,48,1
8,Colorado,80444,0,0,2,2,0,9,9,101,PUEBLO (101),2050,PUEBLO,9,September,5,5,2,Monday,2022,0,0:00am-0:59am,0,0,I-25,NA,1,Interstate,2,Urban,1,Interstate,1,State Highway Agency,1,This section IS ON the NHS,0,No Special Jurisdiction,1010,1010,38.30133889,38.30133889,-104.61228889,-104.61228889,12,Motor Vehicle In-Transport,7,Sideswipe - Same Direction,0,No,1,Non-Junction,1,Not an Intersection,1,On Roadway,0,None,3,Dark - Lighted,1,Clear,0,No,0000000,Not Applicable,0,0:00am-0:59am,0,0,0,0:00am-0:59am,4,4,0,0:00am-0:59am,18,18,2
8,Colorado,80445,0,2,2,1,1,3,1,1,ADAMS (1),0,NOT APPLICABLE,9,September,7,7,4,Wednesday,2022,12,12:00pm-12:59pm,53,53,I-25,NA,1,Interstate,2,Urban,1,Interstate,1,State Highway Agency,1,This section IS ON the NHS,0,No Special Jurisdiction,2169,2169,39.82549167,39.82549167,-104.98141667,-104.98141667,14,Parked Motor Vehicle,0,The First Harmful Event was Not a Collision with a Motor Vehicle in Transport,1,Yes,19,Other location within Interchange Area,1,Not an Intersection,2,On Shoulder,0,None,1,Daylight,1,Clear,0,No,0000000,Not Applicable,99,Unknown,99,Unknown,99,Unknown EMS Scene Arrival Hour,99,Unknown EMS Scene Arrival Minutes,99,Unknown,99,Unknown EMS Hospital Arrival Time,1