STATE,STATENAME,ST_CASE,PEDS,PERNOTMVIT,VE_TOTAL,VE_FORMS,PVH_INVL,PERSONS,PERMVIT,COUNTY,COUNTYNAME,CITY,CITYNAME,MONTH,MONTHNAME,DAY,DAYNAME,DAY_WEEK,DAY_WEEKNAME,YEAR,HOUR,HOURNAME,MINUTE,MINUTENAME,TWAY_ID,TWAY_ID2,ROUTE,ROUTENAME,RUR_URB,RUR_URBNAME,FUNC_SYS,FUNC_SYSNAME,RD_OWNER,RD_OWNERNAME,NHS,NHSNAME,SP_JUR,SP_JURNAME,MILEPT,MILEPTNAME,LATITUDE,LATITUDENAME,LONGITUD,LONGITUDNAME,HARM_EV,HARM_EVNAME,MAN_COLL,MAN_COLLNAME,RELJCT1,RELJCT1NAME,RELJCT2,RELJCT2NAME,TYP_INT,TYP_INTNAME,REL_ROAD,REL_ROADNAME,WRK_ZONE,WRK_ZONENAME,LGT_COND,LGT_CONDNAME,WEATHER,WEATHERNAME,SCH_BUS,SCH_BUSNAME,RAIL,RAILNAME,NOT_HOUR,NOT_HOURNAME,NOT_MIN,NOT_MINNAME,ARR_HOUR,ARR_HOURNAME,ARR_MIN,ARR_MINNAME,HOSP_HR,HOSP_HRNAME,HOSP_MN,HOSP_MNNAME,FATALS
8,Colorado,80482,0,0,2,2,0,2,2,27,CUSTER (27),0,NOT APPLICABLE,9,September,24,24,7,Saturday,2022,12,12:00pm-12:59pm,0,0,SR-67,NA,3,State Highway,1,Rural,5,Major Collector,1,State Highway Agency,0,This section IS NOT on the NHS,0,No Special Jurisdiction,4,4,38.24327778,38.24327778,-105.08620278,-105.08620278,12,Motor Vehicle In-Transport,8,Sideswipe - Opposite Direction,0,No,1,Non-Junction,1,Not an Intersection,1,On Roadway,0,None,1,Daylight,1,Clear,0,No,0000000,Not Applicable,99,Unknown,99,Unknown,99,Unknown EMS Scene Arrival Hour,99,Unknown EMS Scene Arrival Minutes,88,Not Applicable (Not Transported),88,Not Applicable (Not Transported),1
8,Colorado,80483,0,0,1,1,0,1,1,85,MONTROSE (85),0,NOT APPLICABLE,9,September,24,24,7,Saturday,2022,13,1:00pm-1:59pm,15,15,SR-92,NA,3,State Highway,1,Rural,5,Major Collector,1,State Highway Agency,0,This section IS NOT on the NHS,0,No Special Jurisdiction,560,560,38.45694444,38.45694444,-107.50736667,-107.50736667,1,Rollover/Overturn,0,The First Harmful Event was Not a Collision with a Motor Vehicle in Transport,0,No,1,Non-Junction,1,Not an Intersection,1,On Roadway,0,None,1,Daylight,1,Clear,0,No,0000000,Not Applicable,99,Unknown,99,Unknown,99,Unknown EMS Scene Arrival Hour,99,Unknown EMS Scene Arrival Minutes,88,Not Applicable (Not Transported),88,Not Applicable (Not Transported),1
8,Colorado,80484,0,0,2,2,0,4,4,31,DENVER (31),600,DENVER,9,September,24,24,7,Saturday,2022,12,12:00pm-12:59pm,31,31,E 46TH AVE,N FAIRPLAY WAY,6,Local Street - Municipality,2,Urban,5,Major Collector,4,City or Municipal Highway Agency,0,This section IS NOT on the NHS,0,No Special Jurisdiction,0,None,39.77786667,39.77786667,-104.81570556,-104.81570556,12,Motor Vehicle In-Transport,6,Angle,0,No,2,Intersection,2,Four-Way Intersection,1,On Roadway,0,None,1,Daylight,1,Clear,0,No,0000000,Not Applicable,12,12:00pm-12:59pm,31,31,12,12:00pm-12:59pm,35,35,88,Not Applicable (Not Transported),88,Not Applicable (Not Transported),1
8,Colorado,80485,0,0,1,1,0,2,2,33,DOLORES (33),0,NOT APPLICABLE,9,September,24,24,7,Saturday,2022,17,5:00pm-5:59pm,45,45,SR-145,NA,3,State Highway,1,Rural,3,Principal Arterial - Other,1,State Highway Agency,1,This section IS ON the NHS,0,No Special Jurisdiction,455,455,37.66816667,37.66816667,-108.03617778,-108.03617778,1,Rollover/Overturn,0,The First Harmful Event was Not a Collision with a Motor Vehicle in Transport,0,No,1,Non-Junction,1,Not an Intersection,4,On Roadside,0,None,1,Daylight,1,Clear,0,No,0000000,Not Applicable,99,Unknown,99,Unknown,99,Unknown EMS Scene Arrival Hour,99,Unknown EMS Scene Arrival Minutes,99,Unknown,99,Unknown EMS Hospital Arrival Time,1
8,Colorado,80486,0,0,2,2,0,3,3,77,MESA (77),1040,GRAND JUNCTION,9,September,15,15,5,Thursday,2022,11,11:00am-11:59am,12,12,PATTERSON RD,PLACER ST,6,Local Street - Municipality,2,Urban,4,Minor Arterial,4,City or Municipal Highway Agency,0,This section IS NOT on the NHS,0,No Special Jurisdiction,0,None,39.09177222,39.09177222,-108.50017778,-108.50017778,12,Motor Vehicle In-Transport,6,Angle,0,No,2,Intersection,3,T-Intersection,1,On Roadway,0,None,1,Daylight,1,Clear,0,No,0000000,Not Applicable,11,11:00am-11:59am,30,30,99,Unknown EMS Scene Arrival Hour,99,Unknown EMS Scene Arrival Minutes,88,Not Applicable (Not Transported),88,Not Applicable (Not Transported),1
8,Colorado,80487,0,0,1,1,0,2,2,121,WASHINGTON (121),0,NOT APPLICABLE,9,September,25,25,1,Sunday,2022,11,11:00am-11:59am,0,0,SR-63,NA,3,State Highway,1,Rural,5,Major Collector,1,State Highway Agency,0,This section IS NOT on the NHS,0,No Special Jurisdiction,81,81,39.85757222,39.85757222,-103.2198,-103.2198,34,Ditch,0,The First Harmful Event was Not a Collision with a Motor Vehicle in Transport,0,No,1,Non-Junction,1,Not an Intersection,4,On Roadside,0,None,1,Daylight,1,Clear,0,No,0000000,Not Applicable,11,11:00am-11:59am,5,5,11,11:00am-11:59am,24,24,99,Unknown,99,Unknown EMS Hospital Arrival Time,1
8,Colorado,80488,0,0,2,2,0,3,3,77,MESA (77),0,NOT APPLICABLE,9,September,26,26,2,Monday,2022,19,7:00pm-7:59pm,45,45,CR-33,NA,4,County Road,2,Urban,5,Major Collector,2,County Highway Agency,0,This section IS NOT on the NHS,0,No Special Jurisdiction,0,None,39.08995278,39.08995278,-108.440875,-108.440875,12,Motor Vehicle In-Transport,2,Front-to-Front,0,No,6,Railway Grade Crossing,1,Not an Intersection,1,On Roadway,0,None,2,Dark - Not Lighted,1,Clear,0,No,253769B,253769B,99,Unknown,99,Unknown,99,Unknown EMS Scene Arrival Hour,99,Unknown EMS Scene Arrival Minutes,99,Unknown,99,Unknown EMS Hospital Arrival Time,1
8,Colorado,80489,0,0,1,1,0,2,2,121,WASHINGTON (121),0,NOT APPLICABLE,9,September,27,27,3,Tuesday,2022,23,11:00pm-11:59pm,50,50,I-76,NA,1,Interstate,1,Rural,1,Interstate,1,State Highway Agency,1,This section IS ON the NHS,0,No Special Jurisdiction,1033,1033,40.3712,40.3712,-103.40740833,-103.40740833,1,Rollover/Overturn,0,The First Harmful Event was Not a Collision with a Motor Vehicle in Transport,0,No,1,Non-Junction,1,Not an Intersection,3,On Median,0,None,2,Dark - Not Lighted,1,Clear,0,No,0000000,Not Applicable,99,Unknown,99,Unknown,99,Unknown EMS Scene Arrival Hour,99,Unknown EMS Scene Arrival Minutes,99,Unknown,99,Unknown EMS Hospital Arrival Time,1
8,Colorado,80490,1,1,1,1,0,1,1,67,LA PLATA (67),650,DURANGO,9,September,20,20,3,Tuesday,2022,21,9:00pm-9:59pm,58,58,US-160,NA,2,US Highway,2,Urban,3,Principal Arterial - Other,1,State Highway Agency,1,This section IS ON the NHS,0,No Special Jurisdiction,847,847,37.24978889,37.24978889,-107.875325,-107.875325,8,Pedestrian,0,The First Harmful Event was Not a Collision with a Motor Vehicle in Transport,0,No,1,Non-Junction,1,Not an Intersection,1,On Roadway,0,None,2,Dark - Not Lighted,2,Rain,0,No,0000000,Not Applicable,21,9:00pm-9:59pm,59,59,22,10:00pm-10:59pm,5,5,22,10:00pm-10:59pm,27,27,1
8,Colorado,80491,0,0,1,1,0,2,2,123,WELD (123),0,NOT APPLICABLE,9,September,24,24,7,Saturday,2022,1,1:00am-1:59am,55,55,CR-64 1/2,CR-27,4,County Road,2,Urban,5,Major Collector,2,County Highway Agency,0,This section IS NOT on the NHS,0,No Special Jurisdiction,0,None,40.45738889,40.45738889,-104.81171667,-104.81171667,35,Embankment,0,The First Harmful Event was Not a Collision with a Motor Vehicle in Transport,0,No,3,Intersection-Related,10,L-Intersection,4,On Roadside,0,None,2,Dark - Not Lighted,1,Clear,0,No,0000000,Not Applicable,99,Unknown,99,Unknown,99,Unknown EMS Scene Arrival Hour,99,Unknown EMS Scene Arrival Minutes,99,Unknown,99,Unknown EMS Hospital Arrival Time,1
8,Colorado,80492,0,0,2,2,0,3,3,69,LARIMER (69),1550,LOVELAND,9,September,24,24,7,Saturday,2022,17,5:00pm-5:59pm,32,32,E 29TH ST,NA,5,Local Street - Township,2,Urban,4,Minor Arterial,4,City or Municipal Highway Agency,0,This section IS NOT on the NHS,0,No Special Jurisdiction,0,None,40.42171667,40.42171667,-105.06985,-105.06985,12,Motor Vehicle In-Transport,6,Angle,0,No,8,Driveway Access Related,1,Not an Intersection,1,On Roadway,0,None,1,Daylight,1,Clear,0,No,0000000,Not Applicable,17,5:00pm-5:59pm,32,32,17,5:00pm-5:59pm,35,35,88,Not Applicable (Not Transported),88,Not Applicable (Not Transported),1
8,Colorado,80493,0,0,1,1,0,1,1,93,PARK (93),0,NOT APPLICABLE,9,September,24,24,7,Saturday,2022,11,11:00am-11:59am,25,25,SR-9,NA,3,State Highway,1,Rural,4,Minor Arterial,1,State Highway Agency,0,This section IS NOT on the NHS,0,No Special Jurisdiction,263,263,38.78456667,38.78456667,-105.58097222,-105.58097222,38,Fence,0,The First Harmful Event was Not a Collision with a Motor Vehicle in Transport,0,No,1,Non-Junction,1,Not an Intersection,5,Outside Trafficway,0,None,1,Daylight,1,Clear,0,No,0000000,Not Applicable,99,Unknown,99,Unknown,99,Unknown EMS Scene Arrival Hour,99,Unknown EMS Scene Arrival Minutes,99,Unknown,99,Unknown EMS Hospital Arrival Time,1
8,Colorado,80494,0,0,2,2,0,3,3,13,BOULDER (13),0,NOT APPLICABLE,9,September,28,28,4,Wednesday,2022,12,12:00pm-12:59pm,22,22,US-287,NA,2,US Highway,1,Rural,2,Principal Arterial - Other Freeways and Expressways,1,State Highway Agency,1,This section IS ON the NHS,0,No Special Jurisdiction,3220,3220,40.25620833,40.25620833,-105.10259722,-105.10259722,12,Motor Vehicle In-Transport,2,Front-to-Front,0,No,1,Non-Junction,1,Not an Intersection,2,On Shoulder,0,None,1,Daylight,1,Clear,0,No,0000000,Not Applicable,12,12:00pm-12:59pm,22,22,12,12:00pm-12:59pm,40,40,13,1:00pm-1:59pm,17,17,1
8,Colorado,80495,0,0,2,2,0,2,2,35,DOUGLAS (35),0,NOT APPLICABLE,9,September,28,28,4,Wednesday,2022,16,4:00pm-4:59pm,56,56,CR-W COUNTY LINE RD,CR-PRIMO RD,4,County Road,2,Urban,4,Minor Arterial,2,County Highway Agency,0,This section IS NOT on the NHS,0,No Special Jurisdiction,0,None,39.56611944,39.56611944,-105.02123889,-105.02123889,12,Motor Vehicle In-Transport,6,Angle,0,No,2,Intersection,3,T-Intersection,1,On Roadway,0,None,1,Daylight,1,Clear,0,No,0000000,Not Applicable,16,4:00pm-4:59pm,58,58,17,5:00pm-5:59pm,3,3,88,Not Applicable (Not Transported),88,Not Applicable (Not Transported),1
8,Colorado,80496,0,0,2,2,0,2,2,13,BOULDER (13),0,NOT APPLICABLE,9,September,29,29,5,Thursday,2022,19,7:00pm-7:59pm,9,9,SR-119,CR-NIWOT RD,3,State Highway,2,Urban,3,Principal Arterial - Other,1,State Highway Agency,1,This section IS ON the NHS,0,No Special Jurisdiction,507,507,40.10173333,40.10173333,-105.17614444,-105.17614444,12,Motor Vehicle In-Transport,6,Angle,0,No,2,Intersection,2,Four-Way Intersection,1,On Roadway,0,None,3,Dark - Lighted,1,Clear,0,No,0000000,Not Applicable,99,Unknown,99,Unknown,99,Unknown EMS Scene Arrival Hour,99,Unknown EMS Scene Arrival Minutes,99,Unknown,99,Unknown EMS Hospital Arrival Time,1
8,Colorado,80497,0,0,1,1,0,1,1,93,PARK (93),0,NOT APPLICABLE,9,September,30,30,6,Friday,2022,11,11:00am-11:59am,42,42,CR-92,NA,4,County Road,1,Rural,5,Major Collector,2,County Highway Agency,0,This section IS NOT on the NHS,0,No Special Jurisdiction,0,None,38.98083333,38.98083333,-105.44111111,-105.44111111,1,Rollover/Overturn,0,The First Harmful Event was Not a Collision with a Motor Vehicle in Transport,0,No,1,Non-Junction,1,Not an Intersection,4,On Roadside,0,None,1,Daylight,1,Clear,0,No,0000000,Not Applicable,11,11:00am-11:59am,46,46,12,12:00pm-12:59pm,3,3,99,Unknown,99,Unknown EMS Hospital Arrival Time,1
8,Colorado,80498,0,0,1,1,0,1,1,99,PROWERS (99),0,NOT APPLICABLE,9,September,30,30,6,Friday,2022,1,1:00am-1:59am,0,0,CR-9D,NA,4,County Road,1,Rural,7,Local,2,County Highway Agency,0,This section IS NOT on the NHS,0,No Special Jurisdiction,0,None,38.08486944,38.08486944,-102.58804167,-102.58804167,1,Rollover/Overturn,0,The First Harmful Event was Not a Collision with a Motor Vehicle in Transport,0,No,1,Non-Junction,1,Not an Intersection,4,On Roadside,0,None,2,Dark - Not Lighted,1,Clear,0,No,0000000,Not Applicable,99,Unknown,99,Unknown,99,Unknown EMS Scene Arrival Hour,99,Unknown EMS Scene Arrival Minutes,88,Not Applicable (Not Transported),88,Not Applicable (Not Transported),1
8,Colorado,80499,0,0,1,1,0,3,3,103,RIO BLANCO (103),0,NOT APPLICABLE,9,September,29,29,5,Thursday,2022,2,2:00am-2:59am,54,54,SR-13,NA,3,State Highway,1,Rural,3,Principal Arterial - Other,1,State Highway Agency,1,This section IS ON the NHS,0,No Special Jurisdiction,263,263,39.84523889,39.84523889,-107.95581389,-107.95581389,11,Live Animal,0,The First Harmful Event was Not a Collision with a Motor Vehicle in Transport,0,No,1,Non-Junction,1,Not an Intersection,1,On Roadway,0,None,2,Dark - Not Lighted,1,Clear,0,No,0000000,Not Applicable,2,2:00am-2:59am,54,54,3,3:00am-3:59am,17,17,4,4:00am-4:59am,36,36,1
8,Colorado,80500,0,0,2,2,0,4,4,31,DENVER (31),600,DENVER,9,September,17,17,7,Saturday,2022,11,11:00am-11:59am,54,54,S QUEBEC ST,E CHERRY CREEK S DR,6,Local Street - Municipality,2,Urban,4,Minor Arterial,4,City or Municipal Highway Agency,0,This section IS NOT on the NHS,0,No Special Jurisdiction,0,None,39.685,39.685,-104.90357778,-104.90357778,12,Motor Vehicle In-Transport,2,Front-to-Front,0,No,2,Intersection,2,Four-Way Intersection,1,On Roadway,0,None,1,Daylight,1,Clear,0,No,0000000,Not Applicable,11,11:00am-11:59am,55,55,12,12:00pm-12:59pm,1,1,12,12:00pm-12:59pm,34,34,1
8,Colorado,80501,0,0,2,2,0,2,2,13,BOULDER (13),200,BOULDER,9,September,14,14,4,Wednesday,2022,17,5:00pm-5:59pm,58,58,BROADWAY ST,LEE HILL DR,6,Local Street - Municipality,2,Urban,3,Principal Arterial - Other,4,City or Municipal Highway Agency,1,This section IS ON the NHS,0,No Special Jurisdiction,0,None,40.06184444,40.06184444,-105.28217778,-105.28217778,54,"Motor Vehicle In-Transport Strikes or is Struck by Cargo, Persons or Objects Set-in-Motion from/by Another Motor Vehicle In Transport",11,Other,0,No,2,Intersection,2,Four-Way Intersection,1,On Roadway,1,Construction,1,Daylight,1,Clear,0,No,0000000,Not Applicable,18,6:00pm-6:59pm,7,7,18,6:00pm-6:59pm,10,10,18,6:00pm-6:59pm,28,28,1
8,Colorado,80502,1,1,1,1,0,1,1,59,JEFFERSON (59),1435,LAKEWOOD,9,September,29,29,5,Thursday,2022,18,6:00pm-6:59pm,59,59,US-40   W COLFAX AVE,KENDALL ST,2,US Highway,2,Urban,3,Principal Arterial - Other,1,State Highway Agency,1,This section IS ON the NHS,0,No Special Jurisdiction,2936,2936,39.74038889,39.74038889,-105.06601944,-105.06601944,8,Pedestrian,0,The First Harmful Event was Not a Collision with a Motor Vehicle in Transport,0,No,3,Intersection-Related,2,Four-Way Intersection,1,On Roadway,0,None,3,Dark - Lighted,1,Clear,0,No,0000000,Not Applicable,99,Unknown,99,Unknown,99,Unknown EMS Scene Arrival Hour,99,Unknown EMS Scene Arrival Minutes,99,Unknown,99,Unknown EMS Hospital Arrival Time,1
8,Colorado,80503,0,1,2,1,1,3,2,1,ADAMS (1),0,NOT APPLICABLE,9,September,22,22,5,Thursday,2022,10,10:00am-10:59am,40,40,I-25,NA,1,Interstate,2,Urban,1,Interstate,1,State Highway Agency,1,This section IS ON the NHS,0,No Special Jurisdiction,2178,2178,39.83891667,39.83891667,-104.98345278,-104.98345278,14,Parked Motor Vehicle,0,The First Harmful Event was Not a Collision with a Motor Vehicle in Transport,0,No,1,Non-Junction,1,Not an Intersection,2,On Shoulder,0,None,1,Daylight,2,Rain,0,No,0000000,Not Applicable,99,Unknown,99,Unknown,99,Unknown EMS Scene Arrival Hour,99,Unknown EMS Scene Arrival Minutes,99,Unknown,99,Unknown EMS Hospital Arrival Time,1
8,Colorado,80504,0,0,2,2,0,2,2,1,ADAMS (1),0,NOT APPLICABLE,9,September,20,20,3,Tuesday,2022,18,6:00pm-6:59pm,55,55,I-76,NA,1,Interstate,2,Urban,1,Interstate,1,State Highway Agency,1,This section IS ON the NHS,0,No Special Jurisdiction,162,162,39.90669444,39.90669444,-104.82868333,-104.82868333,12,Motor Vehicle In-Transport,1,Front-to-Rear,1,Yes,18,Through Roadway,1,Not an Intersection,1,On Roadway,0,None,1,Daylight,1,Clear,0,No,0000000,Not Applicable,18,6:00pm-6:59pm,56,56,99,Unknown EMS Scene Arrival Hour,99,Unknown EMS Scene Arrival Minutes,99,Unknown,99,Unknown EMS Hospital Arrival Time,1
8,Colorado,80505,0,0,1,1,0,4,4,41,EL PASO (41),430,COLORADO SPRINGS,9,September,24,24,7,Saturday,2022,0,0:00am-0:59am,12,12,VISTA DEL PICO BLVD,NA,6,Local Street - Municipality,2,Urban,7,Local,4,City or Municipal Highway Agency,0,This section IS NOT on the NHS,0,No Special Jurisdiction,0,None,38.93103889,38.93103889,-104.65773333,-104.65773333,33,Curb,0,The First Harmful Event was Not a Collision with a Motor Vehicle in Transport,0,No,1,Non-Junction,1,Not an Intersection,4,On Roadside,0,None,3,Dark - Lighted,1,Clear,0,No,0000000,Not Applicable,0,0:00am-0:59am,15,15,0,0:00am-0:59am,28,28,0,0:00am-0:59am,42,42,1
8,Colorado,80506,1,1,1,1,0,2,2,5,ARAPAHOE (5),110,AURORA,9,September,25,25,1,Sunday,2022,2,2:00am-2:59am,25,25,US-40   E COLFAX AVE,NA,2,US Highway,2,Urban,3,Principal Arterial - Other,1,State Highway Agency,1,This section IS ON the NHS,0,No Special Jurisdiction,3056,3056,39.74008056,39.74008056,-104.84744444,-104.84744444,8,Pedestrian,0,The First Harmful Event was Not a Collision with a Motor Vehicle in Transport,0,No,1,Non-Junction,1,Not an Intersection,1,On Roadway,0,None,3,Dark - Lighted,1,Clear,0,No,0000000,Not Applicable,2,2:00am-2:59am,26,26,2,2:00am-2:59am,29,29,2,2:00am-2:59am,39,39,1
8,Colorado,80507,0,0,4,4,0,5,5,41,EL PASO (41),430,COLORADO SPRINGS,9,September,27,27,3,Tuesday,2022,20,8:00pm-8:59pm,36,36,ASUTIN BLUFFS PKWY,MALLOW RD,6,Local Street - Municipality,2,Urban,3,Principal Arterial - Other,4,City or Municipal Highway Agency,1,This section IS ON the NHS,0,No Special Jurisdiction,0,None,38.89775,38.89775,-104.81266111,-104.81266111,12,Motor Vehicle In-Transport,6,Angle,0,No,2,Intersection,3,T-Intersection,1,On Roadway,1,Construction,3,Dark - Lighted,1,Clear,0,No,0000000,Not Applicable,20,8:00pm-8:59pm,38,38,20,8:00pm-8:59pm,41,41,88,Not Applicable (Not Transported),88,Not Applicable (Not Transported),1
8,Colorado,80508,0,0,1,1,0,1,1,59,JEFFERSON (59),1000,GOLDEN,9,September,18,18,1,Sunday,2022,15,3:00pm-3:59pm,0,0,W 44TH AVE,NA,6,Local Street - Municipality,2,Urban,4,Minor Arterial,4,City or Municipal Highway Agency,0,This section IS NOT on the NHS,0,No Special Jurisdiction,0,None,39.76358611,39.76358611,-105.21283611,-105.21283611,33,Curb,0,The First Harmful Event was Not a Collision with a Motor Vehicle in Transport,0,No,1,Non-Junction,1,Not an Intersection,4,On Roadside,0,None,1,Daylight,1,Clear,0,No,0000000,Not Applicable,15,3:00pm-3:59pm,17,17,15,3:00pm-3:59pm,25,25,15,3:00pm-3:59pm,42,42,1
8,Colorado,80509,0,0,2,2,0,2,2,1,ADAMS (1),0,NOT APPLICABLE,9,September,30,30,6,Friday,2022,21,9:00pm-9:59pm,35,35,SR-470   E-470,NA,3,State Highway,2,Urban,2,Principal Arterial - Other Freeways and Expressways,1,State Highway Agency,1,This section IS ON the NHS,0,No Special Jurisdiction,219,219,39.76044167,39.76044167,-104.71651944,-104.71651944,12,Motor Vehicle In-Transport,6,Angle,0,No,1,Non-Junction,1,Not an Intersection,1,On Roadway,0,None,2,Dark - Not Lighted,2,Rain,0,No,0000000,Not Applicable,99,Unknown,99,Unknown,99,Unknown EMS Scene Arrival Hour,99,Unknown EMS Scene Arrival Minutes,99,Unknown,99,Unknown EMS Hospital Arrival Time,1
8,Colorado,80510,1,1,1,1,0,2,2,59,JEFFERSON (59),2555,WHEAT RIDGE,9,September,29,29,5,Thursday,2022,20,8:00pm-8:59pm,51,51,SR-391   KIPLING ST,NA,3,State Highway,2,Urban,3,Principal Arterial - Other,1,State Highway Agency,1,This section IS ON the NHS,0,No Special Jurisdiction,88,88,39.77473333,39.77473333,-105.10974722,-105.10974722,8,Pedestrian,0,The First Harmful Event was Not a Collision with a Motor Vehicle in Transport,0,No,1,Non-Junction,1,Not an Intersection,1,On Roadway,0,None,1,Daylight,1,Clear,0,No,0000000,Not Applicable,20,8:00pm-8:59pm,52,52,20,8:00pm-8:59pm,57,57,21,9:00pm-9:59pm,6,6,1
8,Colorado,80511,1,1,3,3,0,3,3,41,EL PASO (41),430,COLORADO SPRINGS,9,September,27,27,3,Tuesday,2022,22,10:00pm-10:59pm,7,7,MAIZELAND RD,NA,6,Local Street - Municipality,2,Urban,4,Minor Arterial,4,City or Municipal Highway Agency,0,This section IS NOT on the NHS,0,No Special Jurisdiction,0,None,38.86788333,38.86788333,-104.75968333,-104.75968333,9,Pedalcyclist,0,The First Harmful Event was Not a Collision with a Motor Vehicle in Transport,0,No,1,Non-Junction,1,Not an Intersection,1,On Roadway,0,None,2,Dark - Not Lighted,1,Clear,0,No,0000000,Not Applicable,22,10:00pm-10:59pm,7,7,22,10:00pm-10:59pm,8,8,88,Not Applicable (Not Transported),88,Not Applicable (Not Transported),1
8,Colorado,80512,1,1,1,1,0,1,1,31,DENVER (31),600,DENVER,9,September,14,14,4,Wednesday,2022,20,8:00pm-8:59pm,18,18,W 38TH AVE,N ALCOTT ST,6,Local Street - Municipality,2,Urban,4,Minor Arterial,4,City or Municipal Highway Agency,0,This section IS NOT on the NHS,0,No Special Jurisdiction,0,None,39.76925,39.76925,-105.01746111,-105.01746111,8,Pedestrian,0,The First Harmful Event was Not a Collision with a Motor Vehicle in Transport,0,No,2,Intersection,2,Four-Way Intersection,1,On Roadway,0,None,3,Dark - Lighted,1,Clear,0,No,0000000,Not Applicable,20,8:00pm-8:59pm,18,18,20,8:00pm-8:59pm,22,22,20,8:00pm-8:59pm,34,34,1
8,Colorado,80513,0,0,2,2,0,4,4,31,DENVER (31),600,DENVER,5,May,6,6,6,Friday,2022,2,2:00am-2:59am,5,5,E 56TH AVE,NA,6,Local Street - Municipality,2,Urban,3,Principal Arterial - Other,4,City or Municipal Highway Agency,1,This section IS ON the NHS,0,No Special Jurisdiction,0,None,39.79807222,39.79807222,-104.82888889,-104.82888889,12,Motor Vehicle In-Transport,2,Front-to-Front,0,No,1,Non-Junction,1,Not an Intersection,1,On Roadway,0,None,2,Dark - Not Lighted,1,Clear,0,No,0000000,Not Applicable,2,2:00am-2:59am,5,5,2,2:00am-2:59am,9,9,2,2:00am-2:59am,30,30,1
8,Colorado,80514,0,0,1,1,0,1,1,13,BOULDER (13),1560,LYONS,5,May,26,26,5,Thursday,2022,19,7:00pm-7:59pm,6,6,US-36   W MAIN ST,NA,2,US Highway,1,Rural,3,Principal Arterial - Other,1,State Highway Agency,1,This section IS ON the NHS,0,No Special Jurisdiction,202,202,40.225980560000004,40.225980560000004,-105.27245,-105.27245,33,Curb,0,The First Harmful Event was Not a Collision with a Motor Vehicle in Transport,0,No,1,Non-Junction,1,Not an Intersection,4,On Roadside,0,None,1,Daylight,1,Clear,0,No,0000000,Not Applicable,19,7:00pm-7:59pm,46,46,19,7:00pm-7:59pm,55,55,88,Not Applicable (Not Transported),88,Not Applicable (Not Transported),1
8,Colorado,80515,0,0,1,1,0,1,1,123,WELD (123),0,NOT APPLICABLE,10,October,1,1,7,Saturday,2022,17,5:00pm-5:59pm,10,10,CR-47,NA,4,County Road,1,Rural,7,Local,2,County Highway Agency,0,This section IS NOT on the NHS,0,No Special Jurisdiction,0,None,40.45702222,40.45702222,-104.62113333,-104.62113333,32,Culvert,0,The First Harmful Event was Not a Collision with a Motor Vehicle in Transport,0,No,1,Non-Junction,1,Not an Intersection,4,On Roadside,0,None,1,Daylight,2,Rain,0,No,0000000,Not Applicable,99,Unknown,99,Unknown,99,Unknown EMS Scene Arrival Hour,99,Unknown EMS Scene Arrival Minutes,99,Unknown,99,Unknown EMS Hospital Arrival Time,1
8,Colorado,80516,0,0,1,1,0,3,3,69,LARIMER (69),0,NOT APPLICABLE,10,October,1,1,7,Saturday,2022,4,4:00am-4:59am,0,0,CR-27,NA,4,County Road,1,Rural,5,Major Collector,2,County Highway Agency,0,This section IS NOT on the NHS,0,No Special Jurisdiction,0,None,40.43408056,40.43408056,-105.19589167,-105.19589167,42,Tree (Standing Only),0,The First Harmful Event was Not a Collision with a Motor Vehicle in Transport,0,No,1,Non-Junction,1,Not an Intersection,4,On Roadside,0,None,2,Dark - Not Lighted,2,Rain,0,No,0000000,Not Applicable,99,Unknown,99,Unknown,99,Unknown EMS Scene Arrival Hour,99,Unknown EMS Scene Arrival Minutes,99,Unknown,99,Unknown EMS Hospital Arrival Time,1
8,Colorado,80517,0,0,2,2,0,3,3,117,SUMMIT (117),0,NOT APPLICABLE,10,October,1,1,7,Saturday,2022,12,12:00pm-12:59pm,0,0,I-70,NA,1,Interstate,1,Rural,1,Interstate,1,State Highway Agency,1,This section IS ON the NHS,0,No Special Jurisdiction,2110,2110,39.66548056,39.66548056,-105.97791389,-105.97791389,12,Motor Vehicle In-Transport,7,Sideswipe - Same Direction,0,No,1,Non-Junction,1,Not an Intersection,1,On Roadway,0,None,1,Daylight,10,Cloudy,0,No,0000000,Not Applicable,99,Unknown,99,Unknown,99,Unknown EMS Scene Arrival Hour,99,Unknown EMS Scene Arrival Minutes,88,Not Applicable (Not Transported),88,Not Applicable (Not Transported),1
8,Colorado,80518,0,0,2,2,0,5,5,123,WELD (123),1070,GREELEY,10,October,6,6,5,Thursday,2022,4,4:00am-4:59am,17,17,US-34 BUSN RT   10TH ST,59TH AVE,2,US Highway,2,Urban,3,Principal Arterial - Other,1,State Highway Agency,1,This section IS ON the NHS,0,No Special Jurisdiction,56,56,40.42125556,40.42125556,-104.77528333,-104.77528333,12,Motor Vehicle In-Transport,6,Angle,0,No,2,Intersection,2,Four-Way Intersection,1,On Roadway,0,None,3,Dark - Lighted,1,Clear,0,No,0000000,Not Applicable,4,4:00am-4:59am,19,19,4,4:00am-4:59am,21,21,4,4:00am-4:59am,41,41,1