STATE,STATENAME,ST_CASE,PEDS,PERNOTMVIT,VE_TOTAL,VE_FORMS,PVH_INVL,PERSONS,PERMVIT,COUNTY,COUNTYNAME,CITY,CITYNAME,MONTH,MONTHNAME,DAY,DAYNAME,DAY_WEEK,DAY_WEEKNAME,YEAR,HOUR,HOURNAME,MINUTE,MINUTENAME,TWAY_ID,TWAY_ID2,ROUTE,ROUTENAME,RUR_URB,RUR_URBNAME,FUNC_SYS,FUNC_SYSNAME,RD_OWNER,RD_OWNERNAME,NHS,NHSNAME,SP_JUR,SP_JURNAME,MILEPT,MILEPTNAME,LATITUDE,LATITUDENAME,LONGITUD,LONGITUDNAME,HARM_EV,HARM_EVNAME,MAN_COLL,MAN_COLLNAME,RELJCT1,RELJCT1NAME,RELJCT2,RELJCT2NAME,TYP_INT,TYP_INTNAME,REL_ROAD,REL_ROADNAME,WRK_ZONE,WRK_ZONENAME,LGT_COND,LGT_CONDNAME,WEATHER,WEATHERNAME,SCH_BUS,SCH_BUSNAME,RAIL,RAILNAME,NOT_HOUR,NOT_HOURNAME,NOT_MIN,NOT_MINNAME,ARR_HOUR,ARR_HOURNAME,ARR_MIN,ARR_MINNAME,HOSP_HR,HOSP_HRNAME,HOSP_MN,HOSP_MNNAME,FATALS
8,Colorado,80519,0,0,1,1,0,1,1,55,HUERFANO (55),0,NOT APPLICABLE,10,October,7,7,6,Friday,2022,18,6:00pm-6:59pm,16,16,SR-69,NA,3,State Highway,1,Rural,4,Minor Arterial,1,State Highway Agency,0,This section IS NOT on the NHS,0,No Special Jurisdiction,211,211,37.76149444,37.76149444,-105.10055556,-105.10055556,1,Rollover/Overturn,0,The First Harmful Event was Not a Collision with a Motor Vehicle in Transport,0,No,1,Non-Junction,1,Not an Intersection,4,On Roadside,0,None,5,Dusk,1,Clear,0,No,0000000,Not Applicable,99,Unknown,99,Unknown,99,Unknown EMS Scene Arrival Hour,99,Unknown EMS Scene Arrival Minutes,99,Unknown,99,Unknown EMS Hospital Arrival Time,1
8,Colorado,80520,0,0,3,3,0,5,5,101,PUEBLO (101),0,NOT APPLICABLE,10,October,7,7,6,Friday,2022,21,9:00pm-9:59pm,6,6,US-50,NA,2,US Highway,1,Rural,3,Principal Arterial - Other,1,State Highway Agency,1,This section IS ON the NHS,0,No Special Jurisdiction,3390,3390,38.19565,38.19565,-104.22166111,-104.22166111,12,Motor Vehicle In-Transport,2,Front-to-Front,0,No,1,Non-Junction,1,Not an Intersection,1,On Roadway,0,None,2,Dark - Not Lighted,1,Clear,0,No,0000000,Not Applicable,99,Unknown,99,Unknown,99,Unknown EMS Scene Arrival Hour,99,Unknown EMS Scene Arrival Minutes,99,Unknown,99,Unknown EMS Hospital Arrival Time,1
8,Colorado,80521,0,0,2,2,0,4,4,35,DOUGLAS (35),0,NOT APPLICABLE,10,October,8,8,7,Saturday,2022,2,2:00am-2:59am,12,12,I-25,NA,1,Interstate,2,Urban,1,Interstate,1,State Highway Agency,1,This section IS ON the NHS,0,No Special Jurisdiction,1875,1875,39.45779722,39.45779722,-104.87505833,-104.87505833,12,Motor Vehicle In-Transport,1,Front-to-Rear,0,No,1,Non-Junction,1,Not an Intersection,1,On Roadway,0,None,3,Dark - Lighted,1,Clear,0,No,0000000,Not Applicable,2,2:00am-2:59am,14,14,2,2:00am-2:59am,18,18,2,2:00am-2:59am,35,35,2
8,Colorado,80522,0,0,2,2,0,2,2,13,BOULDER (13),0,NOT APPLICABLE,10,October,9,9,1,Sunday,2022,14,2:00pm-2:59pm,0,0,CR-LEFTHAND CANYON DR,NA,4,County Road,1,Rural,5,Major Collector,2,County Highway Agency,0,This section IS NOT on the NHS,0,No Special Jurisdiction,30,30,40.10959444,40.10959444,-105.31300556,-105.31300556,1,Rollover/Overturn,0,The First Harmful Event was Not a Collision with a Motor Vehicle in Transport,0,No,1,Non-Junction,1,Not an Intersection,1,On Roadway,0,None,1,Daylight,1,Clear,0,No,0000000,Not Applicable,14,2:00pm-2:59pm,3,3,14,2:00pm-2:59pm,15,15,14,2:00pm-2:59pm,50,50,1
8,Colorado,80523,0,0,2,2,0,6,6,1,ADAMS (1),2427,THORNTON,10,October,9,9,1,Sunday,2022,0,0:00am-0:59am,45,45,QUEBEC ST,E 120TH AVE,6,Local Street - Municipality,2,Urban,3,Principal Arterial - Other,4,City or Municipal Highway Agency,1,This section IS ON the NHS,0,No Special Jurisdiction,0,None,39.91435,39.91435,-104.90309444,-104.90309444,12,Motor Vehicle In-Transport,6,Angle,0,No,2,Intersection,2,Four-Way Intersection,1,On Roadway,0,None,3,Dark - Lighted,1,Clear,0,No,0000000,Not Applicable,0,0:00am-0:59am,46,46,0,0:00am-0:59am,51,51,99,Unknown,99,Unknown EMS Hospital Arrival Time,1
8,Colorado,80524,0,0,2,2,0,3,3,63,KIT CARSON (63),0,NOT APPLICABLE,10,October,10,10,2,Monday,2022,4,4:00am-4:59am,39,39,I-70,NA,1,Interstate,1,Rural,1,Interstate,1,State Highway Agency,1,This section IS ON the NHS,0,No Special Jurisdiction,4403,4403,39.31245556,39.31245556,-102.2201,-102.2201,12,Motor Vehicle In-Transport,1,Front-to-Rear,0,No,1,Non-Junction,1,Not an Intersection,2,On Shoulder,0,None,2,Dark - Not Lighted,1,Clear,0,No,0000000,Not Applicable,99,Unknown,99,Unknown,99,Unknown EMS Scene Arrival Hour,99,Unknown EMS Scene Arrival Minutes,99,Unknown,99,Unknown EMS Hospital Arrival Time,1
8,Colorado,80525,0,0,1,1,0,2,2,59,JEFFERSON (59),1435,LAKEWOOD,10,October,8,8,7,Saturday,2022,20,8:00pm-8:59pm,31,31,US-6   W 6TH AVE,NA,2,US Highway,2,Urban,2,Principal Arterial - Other Freeways and Expressways,1,State Highway Agency,1,This section IS ON the NHS,0,No Special Jurisdiction,2809,2809,39.7255,39.7255,-105.08067222,-105.08067222,1,Rollover/Overturn,0,The First Harmful Event was Not a Collision with a Motor Vehicle in Transport,1,Yes,18,Through Roadway,1,Not an Intersection,1,On Roadway,0,None,3,Dark - Lighted,1,Clear,0,No,0000000,Not Applicable,99,Unknown,99,Unknown,99,Unknown EMS Scene Arrival Hour,99,Unknown EMS Scene Arrival Minutes,99,Unknown,99,Unknown EMS Hospital Arrival Time,1
8,Colorado,80526,0,0,2,1,1,1,1,1,ADAMS (1),0,NOT APPLICABLE,10,October,9,9,1,Sunday,2022,0,0:00am-0:59am,58,58,CR-CONIFER RD,NA,4,County Road,2,Urban,5,Major Collector,2,County Highway Agency,0,This section IS NOT on the NHS,0,No Special Jurisdiction,0,None,39.83559722,39.83559722,-104.98781944,-104.98781944,33,Curb,0,The First Harmful Event was Not a Collision with a Motor Vehicle in Transport,0,No,1,Non-Junction,1,Not an Intersection,4,On Roadside,0,None,3,Dark - Lighted,1,Clear,0,No,0000000,Not Applicable,0,0:00am-0:59am,53,53,1,1:00am-1:59am,0,0,1,1:00am-1:59am,8,8,1
8,Colorado,80527,0,0,2,2,0,3,3,93,PARK (93),0,NOT APPLICABLE,10,October,10,10,2,Monday,2022,13,1:00pm-1:59pm,57,57,US-24,NA,2,US Highway,1,Rural,4,Minor Arterial,1,State Highway Agency,0,This section IS NOT on the NHS,0,No Special Jurisdiction,2539,2539,39.04347222,39.04347222,-105.52964444,-105.52964444,12,Motor Vehicle In-Transport,2,Front-to-Front,0,No,1,Non-Junction,1,Not an Intersection,1,On Roadway,0,None,1,Daylight,1,Clear,0,No,0000000,Not Applicable,99,Unknown,99,Unknown,99,Unknown EMS Scene Arrival Hour,99,Unknown EMS Scene Arrival Minutes,99,Unknown,99,Unknown EMS Hospital Arrival Time,1
8,Colorado,80528,0,0,1,1,0,1,1,79,MINERAL (79),0,NOT APPLICABLE,10,October,10,10,2,Monday,2022,18,6:00pm-6:59pm,0,0,US-160,NA,2,US Highway,1,Rural,3,Principal Arterial - Other,1,State Highway Agency,1,This section IS ON the NHS,0,No Special Jurisdiction,1605,1605,37.45064167,37.45064167,-106.88864444,-106.88864444,1,Rollover/Overturn,0,The First Harmful Event was Not a Collision with a Motor Vehicle in Transport,0,No,1,Non-Junction,1,Not an Intersection,1,On Roadway,0,None,1,Daylight,1,Clear,0,No,0000000,Not Applicable,18,6:00pm-6:59pm,4,4,18,6:00pm-6:59pm,25,25,88,Not Applicable (Not Transported),88,Not Applicable (Not Transported),1
8,Colorado,80529,0,0,2,2,0,2,2,59,JEFFERSON (59),80,ARVADA,10,October,5,5,4,Wednesday,2022,14,2:00pm-2:59pm,41,41,W 64TH AVE,UNION ST,6,Local Street - Municipality,2,Urban,4,Minor Arterial,4,City or Municipal Highway Agency,0,This section IS NOT on the NHS,0,No Special Jurisdiction,0,None,39.81267222,39.81267222,-105.13208889,-105.13208889,12,Motor Vehicle In-Transport,6,Angle,0,No,2,Intersection,3,T-Intersection,1,On Roadway,0,None,1,Daylight,1,Clear,0,No,0000000,Not Applicable,14,2:00pm-2:59pm,41,41,14,2:00pm-2:59pm,45,45,88,Not Applicable (Not Transported),88,Not Applicable (Not Transported),1
8,Colorado,80530,0,0,1,1,0,4,4,29,DELTA (29),0,NOT APPLICABLE,10,October,12,12,4,Wednesday,2022,3,3:00am-3:59am,0,0,SR-133,NA,3,State Highway,1,Rural,4,Minor Arterial,1,State Highway Agency,0,This section IS NOT on the NHS,0,No Special Jurisdiction,20,20,38.81916667,38.81916667,-107.69131944,-107.69131944,1,Rollover/Overturn,0,The First Harmful Event was Not a Collision with a Motor Vehicle in Transport,0,No,1,Non-Junction,1,Not an Intersection,4,On Roadside,0,None,2,Dark - Not Lighted,1,Clear,0,No,0000000,Not Applicable,99,Unknown,99,Unknown,99,Unknown EMS Scene Arrival Hour,99,Unknown EMS Scene Arrival Minutes,99,Unknown,99,Unknown EMS Hospital Arrival Time,2
8,Colorado,80531,2,2,2,2,0,1,1,35,DOUGLAS (35),0,NOT APPLICABLE,10,October,12,12,4,Wednesday,2022,22,10:00pm-10:59pm,30,30,I-25,NA,1,Interstate,2,Urban,1,Interstate,1,State Highway Agency,1,This section IS ON the NHS,0,No Special Jurisdiction,1815,1815,39.37427778,39.37427778,-104.86284444,-104.86284444,24,Guardrail Face,0,The First Harmful Event was Not a Collision with a Motor Vehicle in Transport,0,No,1,Non-Junction,1,Not an Intersection,4,On Roadside,0,None,2,Dark - Not Lighted,1,Clear,0,No,0000000,Not Applicable,22,10:00pm-10:59pm,33,33,22,10:00pm-10:59pm,39,39,88,Not Applicable (Not Transported),88,Not Applicable (Not Transported),2
8,Colorado,80532,0,0,1,1,0,1,1,15,CHAFFEE (15),0,NOT APPLICABLE,10,October,13,13,5,Thursday,2022,12,12:00pm-12:59pm,0,0,CR-175,NA,4,County Road,1,Rural,6,Minor Collector,2,County Highway Agency,0,This section IS NOT on the NHS,0,No Special Jurisdiction,60,60,38.59864444,38.59864444,-105.95536667,-105.95536667,1,Rollover/Overturn,0,The First Harmful Event was Not a Collision with a Motor Vehicle in Transport,0,No,1,Non-Junction,1,Not an Intersection,4,On Roadside,0,None,1,Daylight,1,Clear,0,No,0000000,Not Applicable,99,Unknown,99,Unknown,99,Unknown EMS Scene Arrival Hour,99,Unknown EMS Scene Arrival Minutes,88,Not Applicable (Not Transported),88,Not Applicable (Not Transported),1
8,Colorado,80533,0,0,2,2,0,2,2,1,ADAMS (1),2427,THORNTON,10,October,15,15,7,Saturday,2022,0,0:00am-0:59am,42,42,E 104TH AVE,NA,6,Local Street - Municipality,2,Urban,3,Principal Arterial - Other,4,City or Municipal Highway Agency,1,This section IS ON the NHS,0,No Special Jurisdiction,0,None,39.88499444,39.88499444,-104.968475,-104.968475,12,Motor Vehicle In-Transport,6,Angle,0,No,8,Driveway Access Related,1,Not an Intersection,1,On Roadway,0,None,3,Dark - Lighted,1,Clear,0,No,0000000,Not Applicable,0,0:00am-0:59am,42,42,0,0:00am-0:59am,47,47,88,Not Applicable (Not Transported),88,Not Applicable (Not Transported),1
8,Colorado,80534,0,0,4,4,0,6,6,55,HUERFANO (55),0,NOT APPLICABLE,10,October,16,16,1,Sunday,2022,15,3:00pm-3:59pm,5,5,US-160,NA,2,US Highway,1,Rural,3,Principal Arterial - Other,1,State Highway Agency,1,This section IS ON the NHS,0,No Special Jurisdiction,2937,2937,37.55114444,37.55114444,-104.96511667,-104.96511667,12,Motor Vehicle In-Transport,8,Sideswipe - Opposite Direction,0,No,1,Non-Junction,1,Not an Intersection,1,On Roadway,0,None,1,Daylight,10,Cloudy,0,No,0000000,Not Applicable,99,Unknown,99,Unknown,99,Unknown EMS Scene Arrival Hour,99,Unknown EMS Scene Arrival Minutes,99,Unknown,99,Unknown EMS Hospital Arrival Time,2
8,Colorado,80535,1,1,1,1,0,1,1,123,WELD (123),1070,GREELEY,10,October,16,16,1,Sunday,2022,5,5:00am-5:59am,21,21,US-34   HWY 34 BYPASS,17TH AVE,2,US Highway,2,Urban,3,Principal Arterial - Other,1,State Highway Agency,1,This section IS ON the NHS,0,No Special Jurisdiction,1117,1117,40.39209444,40.39209444,-104.70637222,-104.70637222,8,Pedestrian,0,The First Harmful Event was Not a Collision with a Motor Vehicle in Transport,0,No,3,Intersection-Related,3,T-Intersection,1,On Roadway,0,None,2,Dark - Not Lighted,1,Clear,0,No,0000000,Not Applicable,5,5:00am-5:59am,21,21,5,5:00am-5:59am,28,28,5,5:00am-5:59am,41,41,1
8,Colorado,80536,0,0,1,1,0,2,2,67,LA PLATA (67),650,DURANGO,10,October,17,17,2,Monday,2022,7,7:00am-7:59am,22,22,US-160,NA,2,US Highway,2,Urban,3,Principal Arterial - Other,1,State Highway Agency,1,This section IS ON the NHS,0,No Special Jurisdiction,859,859,37.23485556,37.23485556,-107.86803056,-107.86803056,24,Guardrail Face,0,The First Harmful Event was Not a Collision with a Motor Vehicle in Transport,0,No,1,Non-Junction,1,Not an Intersection,4,On Roadside,0,None,3,Dark - Lighted,1,Clear,0,No,0000000,Not Applicable,7,7:00am-7:59am,25,25,7,7:00am-7:59am,30,30,88,Not Applicable (Not Transported),88,Not Applicable (Not Transported),1
8,Colorado,80537,0,0,1,1,0,3,3,41,EL PASO (41),0,NOT APPLICABLE,10,October,13,13,5,Thursday,2022,3,3:00am-3:59am,40,40,CR-JUDGE ORR RD,NA,4,County Road,1,Rural,4,Minor Arterial,2,County Highway Agency,0,This section IS NOT on the NHS,0,No Special Jurisdiction,0,None,38.95420556,38.95420556,-104.33627778,-104.33627778,1,Rollover/Overturn,0,The First Harmful Event was Not a Collision with a Motor Vehicle in Transport,0,No,1,Non-Junction,1,Not an Intersection,4,On Roadside,0,None,2,Dark - Not Lighted,1,Clear,0,No,0000000,Not Applicable,3,3:00am-3:59am,47,47,99,Unknown EMS Scene Arrival Hour,99,Unknown EMS Scene Arrival Minutes,99,Unknown,99,Unknown EMS Hospital Arrival Time,1
8,Colorado,80538,0,0,2,2,0,2,2,35,DOUGLAS (35),1952,PARKER,10,October,26,26,4,Wednesday,2022,16,4:00pm-4:59pm,21,21,S DRANSFIELD RD,NA,6,Local Street - Municipality,2,Urban,5,Major Collector,4,City or Municipal Highway Agency,0,This section IS NOT on the NHS,0,No Special Jurisdiction,0,None,39.52222222,39.52222222,-104.77099167,-104.77099167,12,Motor Vehicle In-Transport,2,Front-to-Front,0,No,1,Non-Junction,1,Not an Intersection,1,On Roadway,0,None,1,Daylight,1,Clear,0,No,0000000,Not Applicable,99,Unknown,99,Unknown,99,Unknown EMS Scene Arrival Hour,99,Unknown EMS Scene Arrival Minutes,99,Unknown,99,Unknown EMS Hospital Arrival Time,1
8,Colorado,80539,0,0,1,1,0,1,1,55,HUERFANO (55),0,NOT APPLICABLE,10,October,18,18,3,Tuesday,2022,6,6:00am-6:59am,15,15,SR-69,NA,3,State Highway,1,Rural,4,Minor Arterial,1,State Highway Agency,0,This section IS NOT on the NHS,0,No Special Jurisdiction,14,14,37.64747222,37.64747222,-104.81710556,-104.81710556,1,Rollover/Overturn,0,The First Harmful Event was Not a Collision with a Motor Vehicle in Transport,0,No,1,Non-Junction,1,Not an Intersection,4,On Roadside,0,None,2,Dark - Not Lighted,1,Clear,0,No,0000000,Not Applicable,99,Unknown,99,Unknown,99,Unknown EMS Scene Arrival Hour,99,Unknown EMS Scene Arrival Minutes,88,Not Applicable (Not Transported),88,Not Applicable (Not Transported),1
8,Colorado,80540,0,0,2,2,0,2,2,69,LARIMER (69),0,NOT APPLICABLE,10,October,18,18,3,Tuesday,2022,16,4:00pm-4:59pm,44,44,CR-43,NA,4,County Road,1,Rural,5,Major Collector,2,County Highway Agency,0,This section IS NOT on the NHS,0,No Special Jurisdiction,0,None,40.43668889,40.43668889,-105.35093611,-105.35093611,12,Motor Vehicle In-Transport,8,Sideswipe - Opposite Direction,0,No,1,Non-Junction,1,Not an Intersection,1,On Roadway,0,None,1,Daylight,1,Clear,0,No,0000000,Not Applicable,16,4:00pm-4:59pm,45,45,17,5:00pm-5:59pm,5,5,88,Not Applicable (Not Transported),88,Not Applicable (Not Transported),1
8,Colorado,80541,0,0,1,1,0,1,1,13,BOULDER (13),0,NOT APPLICABLE,10,October,19,19,4,Wednesday,2022,16,4:00pm-4:59pm,58,58,SR-72,NA,3,State Highway,1,Rural,4,Minor Arterial,1,State Highway Agency,0,This section IS NOT on the NHS,0,No Special Jurisdiction,445,445,40.08055556,40.08055556,-105.49889444,-105.49889444,1,Rollover/Overturn,0,The First Harmful Event was Not a Collision with a Motor Vehicle in Transport,0,No,1,Non-Junction,1,Not an Intersection,4,On Roadside,0,None,1,Daylight,1,Clear,0,No,0000000,Not Applicable,16,4:00pm-4:59pm,54,54,17,5:00pm-5:59pm,3,3,88,Not Applicable (Not Transported),88,Not Applicable (Not Transported),1
8,Colorado,80542,0,0,2,2,0,3,3,41,EL PASO (41),0,NOT APPLICABLE,10,October,20,20,5,Thursday,2022,8,8:00am-8:59am,44,44,I-25,NA,1,Interstate,1,Rural,1,Interstate,1,State Highway Agency,1,This section IS ON the NHS,0,No Special Jurisdiction,1219,1219,38.5918,38.5918,-104.67183333,-104.67183333,12,Motor Vehicle In-Transport,1,Front-to-Rear,0,No,1,Non-Junction,1,Not an Intersection,1,On Roadway,0,None,1,Daylight,1,Clear,0,No,0000000,Not Applicable,99,Unknown,99,Unknown,99,Unknown EMS Scene Arrival Hour,99,Unknown EMS Scene Arrival Minutes,88,Not Applicable (Not Transported),88,Not Applicable (Not Transported),1
8,Colorado,80543,1,1,1,1,0,1,1,1,ADAMS (1),2550,WESTMINSTER,10,October,21,21,6,Friday,2022,0,0:00am-0:59am,0,0,US-287   FEDERAL BLVD,NA,2,US Highway,2,Urban,3,Principal Arterial - Other,1,State Highway Agency,1,This section IS ON the NHS,0,No Special Jurisdiction,2890,2890,39.83015833,39.83015833,-105.02503056,-105.02503056,8,Pedestrian,0,The First Harmful Event was Not a Collision with a Motor Vehicle in Transport,0,No,1,Non-Junction,1,Not an Intersection,1,On Roadway,0,None,3,Dark - Lighted,1,Clear,0,No,0000000,Not Applicable,0,0:00am-0:59am,1,1,0,0:00am-0:59am,6,6,88,Not Applicable (Not Transported),88,Not Applicable (Not Transported),1
8,Colorado,80544,0,0,1,1,0,3,3,5,ARAPAHOE (5),740,ENGLEWOOD,10,October,20,20,5,Thursday,2022,22,10:00pm-10:59pm,5,5,S BROADWAY ST,CENTENNIAL AVE,6,Local Street - Municipality,2,Urban,3,Principal Arterial - Other,4,City or Municipal Highway Agency,1,This section IS ON the NHS,0,No Special Jurisdiction,0,None,39.62206111,39.62206111,-104.98781944,-104.98781944,46,Traffic Signal Support,0,The First Harmful Event was Not a Collision with a Motor Vehicle in Transport,0,No,3,Intersection-Related,3,T-Intersection,4,On Roadside,0,None,3,Dark - Lighted,1,Clear,0,No,0000000,Not Applicable,22,10:00pm-10:59pm,9,9,22,10:00pm-10:59pm,12,12,22,10:00pm-10:59pm,23,23,2
8,Colorado,80545,1,1,1,1,0,1,1,1,ADAMS (1),230,BRIGHTON,10,October,21,21,6,Friday,2022,16,4:00pm-4:59pm,46,46,E 168TH AVE,N 45TH AVE,6,Local Street - Municipality,2,Urban,4,Minor Arterial,4,City or Municipal Highway Agency,0,This section IS NOT on the NHS,0,No Special Jurisdiction,0,None,40.00036389,40.00036389,-104.76183889,-104.76183889,8,Pedestrian,0,The First Harmful Event was Not a Collision with a Motor Vehicle in Transport,0,No,3,Intersection-Related,2,Four-Way Intersection,1,On Roadway,0,None,1,Daylight,1,Clear,0,No,0000000,Not Applicable,16,4:00pm-4:59pm,48,48,16,4:00pm-4:59pm,53,53,17,5:00pm-5:59pm,11,11,1
8,Colorado,80546,0,0,2,2,0,4,4,13,BOULDER (13),0,NOT APPLICABLE,10,October,22,22,7,Saturday,2022,8,8:00am-8:59am,25,25,SR-119,CR-N 83RD ST,3,State Highway,2,Urban,3,Principal Arterial - Other,1,State Highway Agency,1,This section IS ON the NHS,0,No Special Jurisdiction,521,521,40.11642778,40.11642778,-105.15974444,-105.15974444,12,Motor Vehicle In-Transport,6,Angle,0,No,2,Intersection,2,Four-Way Intersection,1,On Roadway,0,None,1,Daylight,1,Clear,0,No,0000000,Not Applicable,8,8:00am-8:59am,29,29,8,8:00am-8:59am,36,36,9,9:00am-9:59am,17,17,2
8,Colorado,80547,0,0,3,3,0,6,6,101,PUEBLO (101),0,NOT APPLICABLE,10,October,22,22,7,Saturday,2022,21,9:00pm-9:59pm,19,19,US-50,NA,2,US Highway,2,Urban,2,Principal Arterial - Other Freeways and Expressways,1,State Highway Agency,1,This section IS ON the NHS,0,No Special Jurisdiction,3117,3117,38.31515556,38.31515556,-104.66924167,-104.66924167,12,Motor Vehicle In-Transport,7,Sideswipe - Same Direction,0,No,1,Non-Junction,1,Not an Intersection,1,On Roadway,0,None,2,Dark - Not Lighted,1,Clear,0,No,0000000,Not Applicable,99,Unknown,99,Unknown,99,Unknown EMS Scene Arrival Hour,99,Unknown EMS Scene Arrival Minutes,88,Not Applicable (Not Transported),88,Not Applicable (Not Transported),1
8,Colorado,80548,0,0,2,2,0,6,6,83,MONTEZUMA (83),0,NOT APPLICABLE,10,October,23,23,1,Sunday,2022,21,9:00pm-9:59pm,22,22,US-160,NA,2,US Highway,1,Rural,3,Principal Arterial - Other,1,State Highway Agency,1,This section IS ON the NHS,0,No Special Jurisdiction,324,324,37.27558333,37.27558333,-108.63161111,-108.63161111,11,Live Animal,0,The First Harmful Event was Not a Collision with a Motor Vehicle in Transport,0,No,1,Non-Junction,1,Not an Intersection,1,On Roadway,0,None,2,Dark - Not Lighted,1,Clear,0,No,0000000,Not Applicable,21,9:00pm-9:59pm,22,22,99,Unknown EMS Scene Arrival Hour,99,Unknown EMS Scene Arrival Minutes,99,Unknown,99,Unknown EMS Hospital Arrival Time,2
8,Colorado,80549,0,0,2,2,0,2,2,41,EL PASO (41),0,NOT APPLICABLE,10,October,23,23,1,Sunday,2022,0,0:00am-0:59am,15,15,I-25,NA,1,Interstate,2,Urban,1,Interstate,1,State Highway Agency,1,This section IS ON the NHS,0,No Special Jurisdiction,1498,1498,38.94676944,38.94676944,-104.81374444,-104.81374444,12,Motor Vehicle In-Transport,2,Front-to-Front,0,No,1,Non-Junction,1,Not an Intersection,1,On Roadway,0,None,3,Dark - Lighted,1,Clear,0,No,0000000,Not Applicable,99,Unknown,99,Unknown,99,Unknown EMS Scene Arrival Hour,99,Unknown EMS Scene Arrival Minutes,99,Unknown,99,Unknown EMS Hospital Arrival Time,1
8,Colorado,80550,0,0,2,2,0,3,3,41,EL PASO (41),430,COLORADO SPRINGS,10,October,12,12,4,Wednesday,2022,18,6:00pm-6:59pm,50,50,E BOULDER ST,PRAIRIE RD,6,Local Street - Municipality,2,Urban,4,Minor Arterial,4,City or Municipal Highway Agency,0,This section IS NOT on the NHS,0,No Special Jurisdiction,0,None,38.83838333,38.83838333,-104.78736667,-104.78736667,12,Motor Vehicle In-Transport,2,Front-to-Front,0,No,2,Intersection,2,Four-Way Intersection,1,On Roadway,0,None,5,Dusk,1,Clear,0,No,0000000,Not Applicable,18,6:00pm-6:59pm,50,50,18,6:00pm-6:59pm,57,57,19,7:00pm-7:59pm,8,8,1
8,Colorado,80551,0,0,1,1,0,1,1,5,ARAPAHOE (5),0,NOT APPLICABLE,10,October,16,16,1,Sunday,2022,19,7:00pm-7:59pm,16,16,CR-S HAVANA ST,NA,4,County Road,2,Urban,3,Principal Arterial - Other,2,County Highway Agency,1,This section IS ON the NHS,0,No Special Jurisdiction,0,None,39.58261111,39.58261111,-104.86701667,-104.86701667,33,Curb,0,The First Harmful Event was Not a Collision with a Motor Vehicle in Transport,0,No,1,Non-Junction,1,Not an Intersection,3,On Median,0,None,3,Dark - Lighted,1,Clear,0,No,0000000,Not Applicable,19,7:00pm-7:59pm,23,23,19,7:00pm-7:59pm,28,28,19,7:00pm-7:59pm,31,31,1
8,Colorado,80552,1,1,1,1,0,1,1,41,EL PASO (41),430,COLORADO SPRINGS,10,October,11,11,3,Tuesday,2022,13,1:00pm-1:59pm,0,0,UNION BLVD,BIJOU ST,6,Local Street - Municipality,2,Urban,3,Principal Arterial - Other,4,City or Municipal Highway Agency,1,This section IS ON the NHS,0,No Special Jurisdiction,0,None,38.83565833,38.83565833,-104.79462222,-104.79462222,8,Pedestrian,0,The First Harmful Event was Not a Collision with a Motor Vehicle in Transport,0,No,3,Intersection-Related,2,Four-Way Intersection,1,On Roadway,0,None,1,Daylight,1,Clear,0,No,0000000,Not Applicable,13,1:00pm-1:59pm,3,3,13,1:00pm-1:59pm,6,6,13,1:00pm-1:59pm,23,23,1
8,Colorado,80553,0,0,1,1,0,1,1,59,JEFFERSON (59),0,NOT APPLICABLE,10,October,22,22,7,Saturday,2022,12,12:00pm-12:59pm,30,30,CR-HIGH GRADE RD,NA,4,County Road,1,Rural,6,Minor Collector,2,County Highway Agency,0,This section IS NOT on the NHS,0,No Special Jurisdiction,0,None,39.50818889,39.50818889,-105.18908333,-105.18908333,1,Rollover/Overturn,0,The First Harmful Event was Not a Collision with a Motor Vehicle in Transport,0,No,1,Non-Junction,1,Not an Intersection,4,On Roadside,0,None,1,Daylight,1,Clear,0,No,0000000,Not Applicable,88,Not Applicable (Not Notified),88,Not Applicable (Not Notified),88,Not Applicable,88,Not Applicable,88,Not Applicable (Not Transported),88,Not Applicable (Not Transported),1
8,Colorado,80554,0,0,2,2,0,2,2,35,DOUGLAS (35),1529,LONE TREE,10,October,23,23,1,Sunday,2022,6,6:00am-6:59am,13,13,LINCOLN AVE,PARK MEADOWS DR,6,Local Street - Municipality,2,Urban,3,Principal Arterial - Other,4,City or Municipal Highway Agency,1,This section IS ON the NHS,0,No Special Jurisdiction,0,None,39.53633333,39.53633333,-104.87308889,-104.87308889,12,Motor Vehicle In-Transport,6,Angle,0,No,2,Intersection,2,Four-Way Intersection,1,On Roadway,0,None,4,Dawn,1,Clear,0,No,0000000,Not Applicable,99,Unknown,99,Unknown,6,6:00am-6:59am,20,20,6,6:00am-6:59am,44,44,1