STATE,STATENAME,ST_CASE,PEDS,PERNOTMVIT,VE_TOTAL,VE_FORMS,PVH_INVL,PERSONS,PERMVIT,COUNTY,COUNTYNAME,CITY,CITYNAME,MONTH,MONTHNAME,DAY,DAYNAME,DAY_WEEK,DAY_WEEKNAME,YEAR,HOUR,HOURNAME,MINUTE,MINUTENAME,TWAY_ID,TWAY_ID2,ROUTE,ROUTENAME,RUR_URB,RUR_URBNAME,FUNC_SYS,FUNC_SYSNAME,RD_OWNER,RD_OWNERNAME,NHS,NHSNAME,SP_JUR,SP_JURNAME,MILEPT,MILEPTNAME,LATITUDE,LATITUDENAME,LONGITUD,LONGITUDNAME,HARM_EV,HARM_EVNAME,MAN_COLL,MAN_COLLNAME,RELJCT1,RELJCT1NAME,RELJCT2,RELJCT2NAME,TYP_INT,TYP_INTNAME,REL_ROAD,REL_ROADNAME,WRK_ZONE,WRK_ZONENAME,LGT_COND,LGT_CONDNAME,WEATHER,WEATHERNAME,SCH_BUS,SCH_BUSNAME,RAIL,RAILNAME,NOT_HOUR,NOT_HOURNAME,NOT_MIN,NOT_MINNAME,ARR_HOUR,ARR_HOURNAME,ARR_MIN,ARR_MINNAME,HOSP_HR,HOSP_HRNAME,HOSP_MN,HOSP_MNNAME,FATALS
8,Colorado,80555,0,0,1,1,0,2,2,23,COSTILLA (23),0,NOT APPLICABLE,10,October,24,24,2,Monday,2022,8,8:00am-8:59am,59,59,US-160,NA,2,US Highway,1,Rural,3,Principal Arterial - Other,1,State Highway Agency,1,This section IS ON the NHS,0,No Special Jurisdiction,2553,2553,37.43261111,37.43261111,-105.48376111,-105.48376111,32,Culvert,0,The First Harmful Event was Not a Collision with a Motor Vehicle in Transport,0,No,1,Non-Junction,1,Not an Intersection,4,On Roadside,0,None,1,Daylight,10,Cloudy,0,No,0000000,Not Applicable,9,9:00am-9:59am,1,1,9,9:00am-9:59am,16,16,10,10:00am-10:59am,11,11,1
8,Colorado,80556,0,0,1,1,0,1,1,35,DOUGLAS (35),0,NOT APPLICABLE,10,October,24,24,2,Monday,2022,0,0:00am-0:59am,15,15,CR-N CASTLEWOOD CANYON RD,NA,4,County Road,1,Rural,7,Local,2,County Highway Agency,0,This section IS NOT on the NHS,0,No Special Jurisdiction,0,None,39.37266667,39.37266667,-104.76134444,-104.76134444,31,"Post, Pole or Other Supports",0,The First Harmful Event was Not a Collision with a Motor Vehicle in Transport,0,No,1,Non-Junction,1,Not an Intersection,4,On Roadside,0,None,2,Dark - Not Lighted,2,Rain,0,No,0000000,Not Applicable,7,7:00am-7:59am,13,13,7,7:00am-7:59am,16,16,88,Not Applicable (Not Transported),88,Not Applicable (Not Transported),1
8,Colorado,80557,0,0,2,2,0,3,3,41,EL PASO (41),0,NOT APPLICABLE,10,October,25,25,3,Tuesday,2022,17,5:00pm-5:59pm,55,55,CR-CALHAN HWY,CR-JUDGE ORR RD,4,County Road,1,Rural,4,Minor Arterial,2,County Highway Agency,0,This section IS NOT on the NHS,0,No Special Jurisdiction,0,None,38.95450556,38.95450556,-104.29432222,-104.29432222,12,Motor Vehicle In-Transport,6,Angle,0,No,2,Intersection,2,Four-Way Intersection,1,On Roadway,0,None,1,Daylight,10,Cloudy,0,No,0000000,Not Applicable,99,Unknown,99,Unknown,99,Unknown EMS Scene Arrival Hour,99,Unknown EMS Scene Arrival Minutes,99,Unknown,99,Unknown EMS Hospital Arrival Time,1
8,Colorado,80558,0,0,1,1,0,1,1,31,DENVER (31),600,DENVER,10,October,12,12,4,Wednesday,2022,22,10:00pm-10:59pm,31,31,19TH ST,NA,6,Local Street - Municipality,2,Urban,7,Local,4,City or Municipal Highway Agency,0,This section IS NOT on the NHS,0,No Special Jurisdiction,0,None,39.75481111,39.75481111,-104.99747778,-104.99747778,39,Wall,0,The First Harmful Event was Not a Collision with a Motor Vehicle in Transport,0,No,1,Non-Junction,1,Not an Intersection,4,On Roadside,0,None,3,Dark - Lighted,1,Clear,0,No,0000000,Not Applicable,22,10:00pm-10:59pm,34,34,22,10:00pm-10:59pm,35,35,22,10:00pm-10:59pm,49,49,1
8,Colorado,80560,2,2,2,2,0,1,1,5,ARAPAHOE (5),0,NOT APPLICABLE,10,October,22,22,7,Saturday,2022,3,3:00am-3:59am,11,11,I-70,NA,1,Interstate,2,Urban,1,Interstate,1,State Highway Agency,1,This section IS ON the NHS,0,No Special Jurisdiction,2883,2883,39.74012222,39.74012222,-104.73043056,-104.73043056,12,Motor Vehicle In-Transport,6,Angle,1,Yes,18,Through Roadway,1,Not an Intersection,1,On Roadway,0,None,3,Dark - Lighted,1,Clear,0,No,0000000,Not Applicable,99,Unknown,99,Unknown,99,Unknown EMS Scene Arrival Hour,99,Unknown EMS Scene Arrival Minutes,88,Not Applicable (Not Transported),88,Not Applicable (Not Transported),2
8,Colorado,80561,1,1,2,2,0,2,2,77,MESA (77),1040,GRAND JUNCTION,10,October,18,18,3,Tuesday,2022,23,11:00pm-11:59pm,14,14,D RD,NA,6,Local Street - Municipality,2,Urban,4,Minor Arterial,4,City or Municipal Highway Agency,0,This section IS NOT on the NHS,0,No Special Jurisdiction,0,None,39.06286667,39.06286667,-108.50454167,-108.50454167,8,Pedestrian,0,The First Harmful Event was Not a Collision with a Motor Vehicle in Transport,0,No,1,Non-Junction,1,Not an Intersection,1,On Roadway,0,None,2,Dark - Not Lighted,1,Clear,0,No,0000000,Not Applicable,23,11:00pm-11:59pm,16,16,23,11:00pm-11:59pm,22,22,88,Not Applicable (Not Transported),88,Not Applicable (Not Transported),1
8,Colorado,80562,1,1,2,2,0,1,1,19,CLEAR CREEK (19),970,GEORGETOWN,10,October,27,27,5,Thursday,2022,7,7:00am-7:59am,24,24,I-70,NA,1,Interstate,1,Rural,1,Interstate,1,State Highway Agency,1,This section IS ON the NHS,0,No Special Jurisdiction,2287,2287,39.72730278,39.72730278,-105.69398889,-105.69398889,8,Pedestrian,0,The First Harmful Event was Not a Collision with a Motor Vehicle in Transport,0,No,1,Non-Junction,1,Not an Intersection,2,On Shoulder,0,None,1,Daylight,10,Cloudy,0,No,0000000,Not Applicable,7,7:00am-7:59am,20,20,7,7:00am-7:59am,34,34,8,8:00am-8:59am,47,47,1
8,Colorado,80563,0,0,3,3,0,6,6,5,ARAPAHOE (5),110,AURORA,10,October,22,22,7,Saturday,2022,16,4:00pm-4:59pm,46,46,S PEORIA ST,E WARREN AVE,6,Local Street - Municipality,2,Urban,3,Principal Arterial - Other,4,City or Municipal Highway Agency,1,This section IS ON the NHS,0,No Special Jurisdiction,0,None,39.67665556,39.67665556,-104.84736389,-104.84736389,12,Motor Vehicle In-Transport,6,Angle,0,No,2,Intersection,3,T-Intersection,1,On Roadway,0,None,1,Daylight,1,Clear,0,No,0000000,Not Applicable,16,4:00pm-4:59pm,46,46,16,4:00pm-4:59pm,50,50,16,4:00pm-4:59pm,58,58,1
8,Colorado,80564,0,0,1,1,0,1,1,5,ARAPAHOE (5),110,AURORA,10,October,12,12,4,Wednesday,2022,9,9:00am-9:59am,23,23,S WACO ST,E GIRARD AVE,6,Local Street - Municipality,2,Urban,7,Local,4,City or Municipal Highway Agency,0,This section IS NOT on the NHS,0,No Special Jurisdiction,0,None,39.65591389,39.65591389,-104.77716944,-104.77716944,33,Curb,0,The First Harmful Event was Not a Collision with a Motor Vehicle in Transport,0,No,3,Intersection-Related,10,L-Intersection,4,On Roadside,0,None,1,Daylight,1,Clear,0,No,0000000,Not Applicable,9,9:00am-9:59am,23,23,9,9:00am-9:59am,30,30,9,9:00am-9:59am,37,37,1
8,Colorado,80565,0,0,2,2,0,2,2,59,JEFFERSON (59),2550,WESTMINSTER,10,October,28,28,6,Friday,2022,18,6:00pm-6:59pm,48,48,SR-95   N SHERIDAN BLVD,W 73RD AVE,3,State Highway,2,Urban,3,Principal Arterial - Other,1,State Highway Agency,1,This section IS ON the NHS,0,No Special Jurisdiction,122,122,39.82894444,39.82894444,-105.05327222,-105.05327222,12,Motor Vehicle In-Transport,6,Angle,0,No,2,Intersection,2,Four-Way Intersection,1,On Roadway,0,None,3,Dark - Lighted,1,Clear,0,No,0000000,Not Applicable,18,6:00pm-6:59pm,48,48,18,6:00pm-6:59pm,48,48,19,7:00pm-7:59pm,13,13,1
8,Colorado,80566,0,0,1,1,0,1,1,123,WELD (123),0,NOT APPLICABLE,10,October,29,29,7,Saturday,2022,2,2:00am-2:59am,0,0,I-76,NA,1,Interstate,1,Rural,1,Interstate,1,State Highway Agency,1,This section IS ON the NHS,0,No Special Jurisdiction,447,447,40.1658,40.1658,-104.43803333,-104.43803333,1,Rollover/Overturn,0,The First Harmful Event was Not a Collision with a Motor Vehicle in Transport,0,No,1,Non-Junction,1,Not an Intersection,1,On Roadway,0,None,2,Dark - Not Lighted,1,Clear,0,No,0000000,Not Applicable,7,7:00am-7:59am,45,45,7,7:00am-7:59am,51,51,88,Not Applicable (Not Transported),88,Not Applicable (Not Transported),1
8,Colorado,80567,0,0,1,1,0,1,1,41,EL PASO (41),430,COLORADO SPRINGS,10,October,22,22,7,Saturday,2022,17,5:00pm-5:59pm,6,6,US-24   E FOUNTAIN BLVD,NA,2,US Highway,2,Urban,2,Principal Arterial - Other Freeways and Expressways,1,State Highway Agency,1,This section IS ON the NHS,0,No Special Jurisdiction,3057,3057,38.81795833,38.81795833,-104.77416667,-104.77416667,33,Curb,0,The First Harmful Event was Not a Collision with a Motor Vehicle in Transport,0,No,1,Non-Junction,1,Not an Intersection,3,On Median,0,None,1,Daylight,1,Clear,0,No,0000000,Not Applicable,99,Unknown,99,Unknown,99,Unknown EMS Scene Arrival Hour,99,Unknown EMS Scene Arrival Minutes,88,Not Applicable (Not Transported),88,Not Applicable (Not Transported),1
8,Colorado,80568,1,1,1,1,0,1,1,41,EL PASO (41),430,COLORADO SPRINGS,10,October,25,25,3,Tuesday,2022,19,7:00pm-7:59pm,49,49,W GARDEN OF THE GODS RD,NA,6,Local Street - Municipality,2,Urban,3,Principal Arterial - Other,4,City or Municipal Highway Agency,1,This section IS ON the NHS,0,No Special Jurisdiction,0,None,38.89678333,38.89678333,-104.82827778,-104.82827778,8,Pedestrian,0,The First Harmful Event was Not a Collision with a Motor Vehicle in Transport,0,No,1,Non-Junction,1,Not an Intersection,1,On Roadway,0,None,3,Dark - Lighted,1,Clear,0,No,0000000,Not Applicable,19,7:00pm-7:59pm,53,53,19,7:00pm-7:59pm,56,56,20,8:00pm-8:59pm,6,6,1
8,Colorado,80569,0,0,2,2,0,2,2,87,MORGAN (87),0,NOT APPLICABLE,10,October,31,31,2,Monday,2022,16,4:00pm-4:59pm,36,36,US-34,CR-24,2,US Highway,1,Rural,4,Minor Arterial,1,State Highway Agency,0,This section IS NOT on the NHS,0,No Special Jurisdiction,1685,1685,40.25386111,40.25386111,-103.69727778,-103.69727778,12,Motor Vehicle In-Transport,7,Sideswipe - Same Direction,0,No,3,Intersection-Related,2,Four-Way Intersection,1,On Roadway,0,None,1,Daylight,1,Clear,0,No,0000000,Not Applicable,99,Unknown,99,Unknown,99,Unknown EMS Scene Arrival Hour,99,Unknown EMS Scene Arrival Minutes,99,Unknown,99,Unknown EMS Hospital Arrival Time,1
8,Colorado,80570,1,1,1,1,0,1,1,1,ADAMS (1),2427,THORNTON,10,October,15,15,7,Saturday,2022,13,1:00pm-1:59pm,23,23,I-25,NA,1,Interstate,2,Urban,1,Interstate,1,State Highway Agency,1,This section IS ON the NHS,0,No Special Jurisdiction,2203,2203,39.87413056,39.87413056,-104.98740556,-104.98740556,8,Pedestrian,0,The First Harmful Event was Not a Collision with a Motor Vehicle in Transport,0,No,1,Non-Junction,1,Not an Intersection,1,On Roadway,0,None,1,Daylight,1,Clear,0,No,0000000,Not Applicable,13,1:00pm-1:59pm,26,26,13,1:00pm-1:59pm,28,28,88,Not Applicable (Not Transported),88,Not Applicable (Not Transported),1
8,Colorado,80571,0,0,1,1,0,4,4,87,MORGAN (87),0,NOT APPLICABLE,10,October,29,29,7,Saturday,2022,1,1:00am-1:59am,40,40,I-76,NA,1,Interstate,1,Rural,1,Interstate,1,State Highway Agency,1,This section IS ON the NHS,0,No Special Jurisdiction,828,828,40.26311667,40.26311667,-103.75229167,-103.75229167,1,Rollover/Overturn,0,The First Harmful Event was Not a Collision with a Motor Vehicle in Transport,0,No,1,Non-Junction,1,Not an Intersection,3,On Median,0,None,2,Dark - Not Lighted,1,Clear,0,No,0000000,Not Applicable,99,Unknown,99,Unknown,99,Unknown EMS Scene Arrival Hour,99,Unknown EMS Scene Arrival Minutes,99,Unknown,99,Unknown EMS Hospital Arrival Time,1
8,Colorado,80572,0,0,1,1,0,2,2,5,ARAPAHOE (5),0,NOT APPLICABLE,10,October,30,30,1,Sunday,2022,10,10:00am-10:59am,8,8,CR-E HAMPDEN AVE,NA,4,County Road,2,Urban,4,Minor Arterial,2,County Highway Agency,0,This section IS NOT on the NHS,0,No Special Jurisdiction,0,None,39.65315,39.65315,-104.7542,-104.7542,43,Other Fixed Object,0,The First Harmful Event was Not a Collision with a Motor Vehicle in Transport,0,No,1,Non-Junction,1,Not an Intersection,4,On Roadside,0,None,1,Daylight,1,Clear,0,No,0000000,Not Applicable,99,Unknown,99,Unknown,99,Unknown EMS Scene Arrival Hour,99,Unknown EMS Scene Arrival Minutes,88,Not Applicable (Not Transported),88,Not Applicable (Not Transported),2
8,Colorado,80573,1,1,1,1,0,1,1,41,EL PASO (41),0,NOT APPLICABLE,10,October,31,31,2,Monday,2022,19,7:00pm-7:59pm,4,4,CR-CONSTITUTION AVE,CR-PETERSON RD,4,County Road,2,Urban,3,Principal Arterial - Other,2,County Highway Agency,1,This section IS ON the NHS,0,No Special Jurisdiction,0,None,38.86805,38.86805,-104.70152778,-104.70152778,8,Pedestrian,0,The First Harmful Event was Not a Collision with a Motor Vehicle in Transport,0,No,3,Intersection-Related,2,Four-Way Intersection,1,On Roadway,0,None,3,Dark - Lighted,1,Clear,0,No,0000000,Not Applicable,99,Unknown,99,Unknown,99,Unknown EMS Scene Arrival Hour,99,Unknown EMS Scene Arrival Minutes,99,Unknown,99,Unknown EMS Hospital Arrival Time,1
8,Colorado,80574,0,0,1,1,0,3,3,123,WELD (123),0,NOT APPLICABLE,10,October,23,23,1,Sunday,2022,15,3:00pm-3:59pm,5,5,I-76,NA,1,Interstate,1,Rural,1,Interstate,1,State Highway Agency,1,This section IS ON the NHS,0,No Special Jurisdiction,435,435,40.15690278,40.15690278,-104.45629722,-104.45629722,1,Rollover/Overturn,0,The First Harmful Event was Not a Collision with a Motor Vehicle in Transport,0,No,1,Non-Junction,1,Not an Intersection,4,On Roadside,0,None,1,Daylight,1,Clear,0,No,0000000,Not Applicable,99,Unknown,99,Unknown,99,Unknown EMS Scene Arrival Hour,99,Unknown EMS Scene Arrival Minutes,99,Unknown,99,Unknown EMS Hospital Arrival Time,1
8,Colorado,80575,1,1,1,1,0,1,1,41,EL PASO (41),430,COLORADO SPRINGS,10,October,26,26,4,Wednesday,2022,15,3:00pm-3:59pm,1,1,VINDICATOR DR,WINTER HAVEN DR,6,Local Street - Municipality,2,Urban,3,Principal Arterial - Other,4,City or Municipal Highway Agency,1,This section IS ON the NHS,0,No Special Jurisdiction,0,None,38.9241,38.9241,-104.84773611,-104.84773611,9,Pedalcyclist,0,The First Harmful Event was Not a Collision with a Motor Vehicle in Transport,0,No,2,Intersection,3,T-Intersection,1,On Roadway,0,None,1,Daylight,1,Clear,0,No,0000000,Not Applicable,15,3:00pm-3:59pm,1,1,15,3:00pm-3:59pm,5,5,15,3:00pm-3:59pm,24,24,1
8,Colorado,80576,0,0,3,3,0,7,7,41,EL PASO (41),430,COLORADO SPRINGS,10,October,28,28,6,Friday,2022,20,8:00pm-8:59pm,18,18,LAKE AVE,E CHEYENNE RD,6,Local Street - Municipality,2,Urban,3,Principal Arterial - Other,4,City or Municipal Highway Agency,1,This section IS ON the NHS,0,No Special Jurisdiction,0,None,38.7958,38.7958,-104.80351667,-104.80351667,12,Motor Vehicle In-Transport,6,Angle,0,No,2,Intersection,2,Four-Way Intersection,1,On Roadway,0,None,3,Dark - Lighted,1,Clear,0,No,0000000,Not Applicable,20,8:00pm-8:59pm,20,20,20,8:00pm-8:59pm,25,25,20,8:00pm-8:59pm,45,45,1
8,Colorado,80577,0,0,2,2,0,2,2,41,EL PASO (41),430,COLORADO SPRINGS,10,October,30,30,1,Sunday,2022,6,6:00am-6:59am,25,25,N UNION BLVD,E PLATTE AVE,6,Local Street - Municipality,2,Urban,3,Principal Arterial - Other,4,City or Municipal Highway Agency,1,This section IS ON the NHS,0,No Special Jurisdiction,0,None,38.83723333,38.83723333,-104.79441944,-104.79441944,12,Motor Vehicle In-Transport,6,Angle,0,No,2,Intersection,2,Four-Way Intersection,1,On Roadway,0,None,3,Dark - Lighted,1,Clear,0,No,0000000,Not Applicable,6,6:00am-6:59am,27,27,6,6:00am-6:59am,31,31,6,6:00am-6:59am,38,38,1
8,Colorado,80578,0,0,1,1,0,4,4,101,PUEBLO (101),2050,PUEBLO,10,October,30,30,1,Sunday,2022,9,9:00am-9:59am,31,31,DUKE ST,NA,6,Local Street - Municipality,2,Urban,7,Local,4,City or Municipal Highway Agency,0,This section IS NOT on the NHS,0,No Special Jurisdiction,0,None,38.24538333,38.24538333,-104.6502,-104.6502,1,Rollover/Overturn,0,The First Harmful Event was Not a Collision with a Motor Vehicle in Transport,0,No,1,Non-Junction,1,Not an Intersection,1,On Roadway,0,None,1,Daylight,1,Clear,0,No,0000000,Not Applicable,9,9:00am-9:59am,31,31,9,9:00am-9:59am,37,37,9,9:00am-9:59am,49,49,1
8,Colorado,80579,0,0,1,1,0,2,2,41,EL PASO (41),1710,MONUMENT,10,October,29,29,7,Saturday,2022,21,9:00pm-9:59pm,59,59,KNOLLWOOD DR,CIPRIANI LOOP,6,Local Street - Municipality,2,Urban,7,Local,4,City or Municipal Highway Agency,0,This section IS NOT on the NHS,0,No Special Jurisdiction,0,None,39.09110278,39.09110278,-104.85191111,-104.85191111,38,Fence,0,The First Harmful Event was Not a Collision with a Motor Vehicle in Transport,0,No,3,Intersection-Related,2,Four-Way Intersection,5,Outside Trafficway,0,None,3,Dark - Lighted,1,Clear,0,No,0000000,Not Applicable,21,9:00pm-9:59pm,59,59,22,10:00pm-10:59pm,3,3,23,11:00pm-11:59pm,16,16,2
8,Colorado,80580,0,0,2,2,0,3,3,101,PUEBLO (101),2052,PUEBLO WEST,10,October,5,5,4,Wednesday,2022,20,8:00pm-8:59pm,15,15,S AVENIDA DEL ORO E,NA,6,Local Street - Municipality,2,Urban,7,Local,4,City or Municipal Highway Agency,0,This section IS NOT on the NHS,0,No Special Jurisdiction,0,None,38.303475,38.303475,-104.79772222,-104.79772222,12,Motor Vehicle In-Transport,7,Sideswipe - Same Direction,0,No,1,Non-Junction,1,Not an Intersection,1,On Roadway,0,None,2,Dark - Not Lighted,1,Clear,0,No,0000000,Not Applicable,20,8:00pm-8:59pm,17,17,20,8:00pm-8:59pm,23,23,88,Not Applicable (Not Transported),88,Not Applicable (Not Transported),1
8,Colorado,80581,0,0,2,2,0,2,2,13,BOULDER (13),1390,LAFAYETTE,10,October,26,26,4,Wednesday,2022,11,11:00am-11:59am,47,47,US-287,DILLON RD,2,US Highway,2,Urban,3,Principal Arterial - Other,1,State Highway Agency,1,This section IS ON the NHS,0,No Special Jurisdiction,3009,3009,39.95796667,39.95796667,-105.09011389,-105.09011389,12,Motor Vehicle In-Transport,6,Angle,1,Yes,2,Intersection,2,Four-Way Intersection,1,On Roadway,0,None,1,Daylight,1,Clear,0,No,0000000,Not Applicable,99,Unknown,99,Unknown,99,Unknown EMS Scene Arrival Hour,99,Unknown EMS Scene Arrival Minutes,99,Unknown,99,Unknown EMS Hospital Arrival Time,1
8,Colorado,80582,0,0,2,2,0,12,12,5,ARAPAHOE (5),110,AURORA,10,October,29,29,7,Saturday,2022,19,7:00pm-7:59pm,16,16,S BUCKLEY RD,E KENT DR,6,Local Street - Municipality,2,Urban,3,Principal Arterial - Other,4,City or Municipal Highway Agency,1,This section IS ON the NHS,0,No Special Jurisdiction,0,None,39.64810556,39.64810556,-104.79120278,-104.79120278,12,Motor Vehicle In-Transport,6,Angle,0,No,2,Intersection,3,T-Intersection,1,On Roadway,0,None,3,Dark - Lighted,1,Clear,0,No,0000000,Not Applicable,19,7:00pm-7:59pm,15,15,19,7:00pm-7:59pm,42,42,19,7:00pm-7:59pm,49,49,1
8,Colorado,80583,0,0,2,2,0,2,2,67,LA PLATA (67),0,NOT APPLICABLE,10,October,7,7,6,Friday,2022,21,9:00pm-9:59pm,0,0,US-550,NA,2,US Highway,1,Rural,3,Principal Arterial - Other,1,State Highway Agency,1,This section IS ON the NHS,0,No Special Jurisdiction,85,85,37.11741111,37.11741111,-107.86686111,-107.86686111,12,Motor Vehicle In-Transport,8,Sideswipe - Opposite Direction,0,No,1,Non-Junction,1,Not an Intersection,1,On Roadway,0,None,2,Dark - Not Lighted,1,Clear,0,No,0000000,Not Applicable,99,Unknown,99,Unknown,99,Unknown EMS Scene Arrival Hour,99,Unknown EMS Scene Arrival Minutes,99,Unknown,99,Unknown EMS Hospital Arrival Time,1
8,Colorado,80584,1,1,1,1,0,1,1,1,ADAMS (1),110,AURORA,10,October,31,31,2,Monday,2022,18,6:00pm-6:59pm,33,33,US-40   E COLFAX AVE,NA,2,US Highway,2,Urban,3,Principal Arterial - Other,1,State Highway Agency,1,This section IS ON the NHS,0,No Special Jurisdiction,3041,3041,39.74021111,39.74021111,-104.87579444,-104.87579444,8,Pedestrian,0,The First Harmful Event was Not a Collision with a Motor Vehicle in Transport,0,No,1,Non-Junction,1,Not an Intersection,1,On Roadway,0,None,3,Dark - Lighted,1,Clear,0,No,0000000,Not Applicable,18,6:00pm-6:59pm,34,34,18,6:00pm-6:59pm,34,34,18,6:00pm-6:59pm,51,51,1
8,Colorado,80585,0,0,3,3,0,4,4,31,DENVER (31),600,DENVER,10,October,28,28,6,Friday,2022,10,10:00am-10:59am,40,40,SR-2   N COLORADO BLVD,E MLK BLVD,3,State Highway,2,Urban,3,Principal Arterial - Other,1,State Highway Agency,1,This section IS ON the NHS,0,No Special Jurisdiction,75,75,39.76193889,39.76193889,-104.94053889,-104.94053889,12,Motor Vehicle In-Transport,6,Angle,0,No,2,Intersection,2,Four-Way Intersection,1,On Roadway,0,None,1,Daylight,1,Clear,0,No,0000000,Not Applicable,10,10:00am-10:59am,41,41,10,10:00am-10:59am,44,44,99,Unknown,99,Unknown EMS Hospital Arrival Time,1
8,Colorado,80586,1,1,1,1,0,2,2,5,ARAPAHOE (5),110,AURORA,10,October,7,7,6,Friday,2022,9,9:00am-9:59am,1,1,SR-30   E 6TH AVE,N HELENA ST,3,State Highway,2,Urban,3,Principal Arterial - Other,1,State Highway Agency,1,This section IS ON the NHS,0,No Special Jurisdiction,108,108,39.7256,39.7256,-104.80832222,-104.80832222,8,Pedestrian,0,The First Harmful Event was Not a Collision with a Motor Vehicle in Transport,0,No,3,Intersection-Related,2,Four-Way Intersection,1,On Roadway,0,None,1,Daylight,1,Clear,0,No,0000000,Not Applicable,9,9:00am-9:59am,4,4,9,9:00am-9:59am,4,4,9,9:00am-9:59am,8,8,1
8,Colorado,80587,0,0,1,1,0,1,1,31,DENVER (31),600,DENVER,10,October,27,27,5,Thursday,2022,21,9:00pm-9:59pm,6,6,ROSLYN ST,NA,6,Local Street - Municipality,2,Urban,7,Local,4,City or Municipal Highway Agency,0,This section IS NOT on the NHS,0,No Special Jurisdiction,0,None,39.75276389,39.75276389,-104.89933889,-104.89933889,33,Curb,0,The First Harmful Event was Not a Collision with a Motor Vehicle in Transport,0,No,1,Non-Junction,1,Not an Intersection,4,On Roadside,0,None,3,Dark - Lighted,1,Clear,0,No,0000000,Not Applicable,21,9:00pm-9:59pm,6,6,21,9:00pm-9:59pm,12,12,21,9:00pm-9:59pm,24,24,1
8,Colorado,80588,1,1,1,1,0,1,1,5,ARAPAHOE (5),110,AURORA,10,October,14,14,6,Friday,2022,11,11:00am-11:59am,9,9,E MISSISSIPPI AVE,S BLACKHAWK ST,6,Local Street - Municipality,2,Urban,3,Principal Arterial - Other,4,City or Municipal Highway Agency,1,This section IS ON the NHS,0,No Special Jurisdiction,0,None,39.69656667,39.69656667,-104.82371667,-104.82371667,8,Pedestrian,0,The First Harmful Event was Not a Collision with a Motor Vehicle in Transport,0,No,3,Intersection-Related,2,Four-Way Intersection,1,On Roadway,0,None,1,Daylight,1,Clear,0,No,0000000,Not Applicable,11,11:00am-11:59am,11,11,11,11:00am-11:59am,14,14,11,11:00am-11:59am,22,22,1
8,Colorado,80589,1,1,1,1,0,1,1,31,DENVER (31),600,DENVER,6,June,25,25,7,Saturday,2022,1,1:00am-1:59am,22,22,W 6TH AVE,N FOX ST,6,Local Street - Municipality,2,Urban,3,Principal Arterial - Other,4,City or Municipal Highway Agency,1,This section IS ON the NHS,0,No Special Jurisdiction,0,None,39.72566111,39.72566111,-104.99516667,-104.99516667,9,Pedalcyclist,0,The First Harmful Event was Not a Collision with a Motor Vehicle in Transport,0,No,2,Intersection,2,Four-Way Intersection,1,On Roadway,0,None,3,Dark - Lighted,1,Clear,0,No,0000000,Not Applicable,1,1:00am-1:59am,22,22,1,1:00am-1:59am,27,27,1,1:00am-1:59am,29,29,1
8,Colorado,80590,1,1,1,1,0,1,1,5,ARAPAHOE (5),110,AURORA,9,September,13,13,3,Tuesday,2022,7,7:00am-7:59am,7,7,E ALASKA PL,NA,6,Local Street - Municipality,2,Urban,7,Local,4,City or Municipal Highway Agency,0,This section IS NOT on the NHS,0,No Special Jurisdiction,0,None,39.70469722,39.70469722,-104.83352222,-104.83352222,8,Pedestrian,0,The First Harmful Event was Not a Collision with a Motor Vehicle in Transport,0,No,1,Non-Junction,1,Not an Intersection,1,On Roadway,0,None,1,Daylight,1,Clear,0,No,0000000,Not Applicable,7,7:00am-7:59am,7,7,7,7:00am-7:59am,14,14,7,7:00am-7:59am,23,23,1
8,Colorado,80591,0,0,1,1,0,5,5,31,DENVER (31),600,DENVER,8,August,22,22,2,Monday,2022,22,10:00pm-10:59pm,15,15,E SMITH RD,N ALBION ST,6,Local Street - Municipality,2,Urban,4,Minor Arterial,4,City or Municipal Highway Agency,0,This section IS NOT on the NHS,0,No Special Jurisdiction,0,None,39.77608889,39.77608889,-104.93816667,-104.93816667,39,Wall,0,The First Harmful Event was Not a Collision with a Motor Vehicle in Transport,0,No,3,Intersection-Related,10,L-Intersection,4,On Roadside,0,None,3,Dark - Lighted,1,Clear,0,No,0000000,Not Applicable,22,10:00pm-10:59pm,15,15,22,10:00pm-10:59pm,19,19,22,10:00pm-10:59pm,38,38,1
8,Colorado,80592,0,0,2,2,0,2,2,123,WELD (123),0,NOT APPLICABLE,11,November,2,2,4,Wednesday,2022,18,6:00pm-6:59pm,15,15,CR-19,CR-16,4,County Road,1,Rural,6,Minor Collector,2,County Highway Agency,0,This section IS NOT on the NHS,0,No Special Jurisdiction,0,None,40.10201944,40.10201944,-104.88636667,-104.88636667,12,Motor Vehicle In-Transport,6,Angle,0,No,2,Intersection,2,Four-Way Intersection,1,On Roadway,0,None,2,Dark - Not Lighted,1,Clear,0,No,0000000,Not Applicable,18,6:00pm-6:59pm,18,18,18,6:00pm-6:59pm,27,27,88,Not Applicable (Not Transported),88,Not Applicable (Not Transported),1
8,Colorado,80593,0,0,2,2,0,5,5,41,EL PASO (41),0,NOT APPLICABLE,11,November,4,4,6,Friday,2022,18,6:00pm-6:59pm,21,21,CR-MERIDIAN RD,CR-FALCON HWY,4,County Road,1,Rural,4,Minor Arterial,2,County Highway Agency,0,This section IS NOT on the NHS,0,No Special Jurisdiction,0,None,38.92620833,38.92620833,-104.60766111,-104.60766111,12,Motor Vehicle In-Transport,6,Angle,0,No,2,Intersection,2,Four-Way Intersection,1,On Roadway,0,None,2,Dark - Not Lighted,10,Cloudy,0,No,0000000,Not Applicable,99,Unknown,99,Unknown,99,Unknown EMS Scene Arrival Hour,99,Unknown EMS Scene Arrival Minutes,99,Unknown,99,Unknown EMS Hospital Arrival Time,1