STATE,STATENAME,ST_CASE,PEDS,PERNOTMVIT,VE_TOTAL,VE_FORMS,PVH_INVL,PERSONS,PERMVIT,COUNTY,COUNTYNAME,CITY,CITYNAME,MONTH,MONTHNAME,DAY,DAYNAME,DAY_WEEK,DAY_WEEKNAME,YEAR,HOUR,HOURNAME,MINUTE,MINUTENAME,TWAY_ID,TWAY_ID2,ROUTE,ROUTENAME,RUR_URB,RUR_URBNAME,FUNC_SYS,FUNC_SYSNAME,RD_OWNER,RD_OWNERNAME,NHS,NHSNAME,SP_JUR,SP_JURNAME,MILEPT,MILEPTNAME,LATITUDE,LATITUDENAME,LONGITUD,LONGITUDNAME,HARM_EV,HARM_EVNAME,MAN_COLL,MAN_COLLNAME,RELJCT1,RELJCT1NAME,RELJCT2,RELJCT2NAME,TYP_INT,TYP_INTNAME,REL_ROAD,REL_ROADNAME,WRK_ZONE,WRK_ZONENAME,LGT_COND,LGT_CONDNAME,WEATHER,WEATHERNAME,SCH_BUS,SCH_BUSNAME,RAIL,RAILNAME,NOT_HOUR,NOT_HOURNAME,NOT_MIN,NOT_MINNAME,ARR_HOUR,ARR_HOURNAME,ARR_MIN,ARR_MINNAME,HOSP_HR,HOSP_HRNAME,HOSP_MN,HOSP_MNNAME,FATALS
8,Colorado,80666,1,1,1,1,0,1,1,41,EL PASO (41),0,NOT APPLICABLE,12,December,14,14,4,Wednesday,2022,6,6:00am-6:59am,39,39,CR-E LAS VEGAS ST,NA,4,County Road,2,Urban,4,Minor Arterial,2,County Highway Agency,0,This section IS NOT on the NHS,0,No Special Jurisdiction,0,None,38.78579444,38.78579444,-104.77570278,-104.77570278,15,Non-Motorist on Personal Conveyance,0,The First Harmful Event was Not a Collision with a Motor Vehicle in Transport,0,No,1,Non-Junction,1,Not an Intersection,1,On Roadway,0,None,2,Dark - Not Lighted,1,Clear,0,No,0000000,Not Applicable,6,6:00am-6:59am,40,40,99,Unknown EMS Scene Arrival Hour,99,Unknown EMS Scene Arrival Minutes,88,Not Applicable (Not Transported),88,Not Applicable (Not Transported),1
8,Colorado,80667,0,0,2,2,0,4,4,5,ARAPAHOE (5),110,AURORA,12,December,10,10,7,Saturday,2022,20,8:00pm-8:59pm,45,45,S BUCKLEY RD,E MANSFIELD AVE,6,Local Street - Municipality,2,Urban,3,Principal Arterial - Other,4,City or Municipal Highway Agency,1,This section IS ON the NHS,0,No Special Jurisdiction,0,None,39.64598333,39.64598333,-104.79120833,-104.79120833,12,Motor Vehicle In-Transport,6,Angle,0,No,2,Intersection,3,T-Intersection,1,On Roadway,0,None,3,Dark - Lighted,1,Clear,0,No,0000000,Not Applicable,20,8:00pm-8:59pm,45,45,20,8:00pm-8:59pm,48,48,99,Unknown,99,Unknown EMS Hospital Arrival Time,1
8,Colorado,80668,0,0,3,3,0,4,4,31,DENVER (31),600,DENVER,12,December,15,15,5,Thursday,2022,19,7:00pm-7:59pm,41,41,I-25,NA,1,Interstate,2,Urban,1,Interstate,1,State Highway Agency,1,This section IS ON the NHS,0,No Special Jurisdiction,2005,2005,39.63901111,39.63901111,-104.91008889,-104.91008889,12,Motor Vehicle In-Transport,7,Sideswipe - Same Direction,0,No,1,Non-Junction,1,Not an Intersection,1,On Roadway,0,None,3,Dark - Lighted,1,Clear,0,No,0000000,Not Applicable,19,7:00pm-7:59pm,41,41,19,7:00pm-7:59pm,55,55,20,8:00pm-8:59pm,19,19,1
8,Colorado,80669,0,0,3,3,0,4,4,13,BOULDER (13),1530,LONGMONT,12,December,18,18,1,Sunday,2022,16,4:00pm-4:59pm,3,3,PIKE RD,CORPORATE CENTER CIR,6,Local Street - Municipality,2,Urban,4,Minor Arterial,4,City or Municipal Highway Agency,0,This section IS NOT on the NHS,0,No Special Jurisdiction,0,None,40.13791667,40.13791667,-105.12464444,-105.12464444,12,Motor Vehicle In-Transport,1,Front-to-Rear,0,No,3,Intersection-Related,3,T-Intersection,1,On Roadway,0,None,1,Daylight,1,Clear,0,No,0000000,Not Applicable,16,4:00pm-4:59pm,4,4,16,4:00pm-4:59pm,7,7,16,4:00pm-4:59pm,30,30,1
8,Colorado,80670,0,0,1,1,0,1,1,105,RIO GRANDE (105),0,NOT APPLICABLE,12,December,23,23,6,Friday,2022,9,9:00am-9:59am,15,15,CR-5N,CR-4E,4,County Road,1,Rural,5,Major Collector,2,County Highway Agency,0,This section IS NOT on the NHS,0,No Special Jurisdiction,0,None,37.64733889,37.64733889,-106.07542222,-106.07542222,59,Traffic Sign Support,0,The First Harmful Event was Not a Collision with a Motor Vehicle in Transport,0,No,3,Intersection-Related,3,T-Intersection,4,On Roadside,0,None,1,Daylight,1,Clear,0,No,0000000,Not Applicable,99,Unknown,99,Unknown,99,Unknown EMS Scene Arrival Hour,99,Unknown EMS Scene Arrival Minutes,88,Not Applicable (Not Transported),88,Not Applicable (Not Transported),1
8,Colorado,80671,0,0,2,2,0,3,3,17,CHEYENNE (17),0,NOT APPLICABLE,12,December,24,24,7,Saturday,2022,5,5:00am-5:59am,50,50,US-40,NA,2,US Highway,1,Rural,3,Principal Arterial - Other,1,State Highway Agency,1,This section IS ON the NHS,0,No Special Jurisdiction,4416,4416,38.76933333,38.76933333,-102.86083333,-102.86083333,12,Motor Vehicle In-Transport,2,Front-to-Front,0,No,1,Non-Junction,1,Not an Intersection,1,On Roadway,0,None,2,Dark - Not Lighted,1,Clear,0,No,0000000,Not Applicable,99,Unknown,99,Unknown,99,Unknown EMS Scene Arrival Hour,99,Unknown EMS Scene Arrival Minutes,99,Unknown,99,Unknown EMS Hospital Arrival Time,1
8,Colorado,80672,0,0,1,1,0,1,1,45,GARFIELD (45),0,NOT APPLICABLE,12,December,24,24,7,Saturday,2022,1,1:00am-1:59am,0,0,I-70,NA,1,Interstate,1,Rural,1,Interstate,1,State Highway Agency,1,This section IS ON the NHS,0,No Special Jurisdiction,868,868,39.52027222,39.52027222,-107.84529444,-107.84529444,52,Guardrail End,0,The First Harmful Event was Not a Collision with a Motor Vehicle in Transport,1,Yes,19,Other location within Interchange Area,1,Not an Intersection,3,On Median,0,None,2,Dark - Not Lighted,1,Clear,0,No,0000000,Not Applicable,99,Unknown,99,Unknown,99,Unknown EMS Scene Arrival Hour,99,Unknown EMS Scene Arrival Minutes,88,Not Applicable (Not Transported),88,Not Applicable (Not Transported),1
8,Colorado,80673,0,0,2,2,0,3,3,1,ADAMS (1),0,NOT APPLICABLE,12,December,25,25,1,Sunday,2022,10,10:00am-10:59am,6,6,US-36,NA,2,US Highway,2,Urban,2,Principal Arterial - Other Freeways and Expressways,1,State Highway Agency,1,This section IS ON the NHS,0,No Special Jurisdiction,574,574,39.82755556,39.82755556,-104.97925,-104.97925,25,Concrete Traffic Barrier,0,The First Harmful Event was Not a Collision with a Motor Vehicle in Transport,1,Yes,19,Other location within Interchange Area,1,Not an Intersection,3,On Median,0,None,1,Daylight,10,Cloudy,0,No,0000000,Not Applicable,99,Unknown,99,Unknown,99,Unknown EMS Scene Arrival Hour,99,Unknown EMS Scene Arrival Minutes,99,Unknown,99,Unknown EMS Hospital Arrival Time,1
8,Colorado,80674,0,0,4,4,0,8,8,41,EL PASO (41),0,NOT APPLICABLE,12,December,26,26,2,Monday,2022,18,6:00pm-6:59pm,34,34,SR-115,NA,3,State Highway,1,Rural,4,Minor Arterial,1,State Highway Agency,0,This section IS NOT on the NHS,0,No Special Jurisdiction,369,369,38.67861944,38.67861944,-104.84813333,-104.84813333,12,Motor Vehicle In-Transport,2,Front-to-Front,0,No,1,Non-Junction,1,Not an Intersection,1,On Roadway,1,Construction,2,Dark - Not Lighted,1,Clear,0,No,0000000,Not Applicable,99,Unknown,99,Unknown,99,Unknown EMS Scene Arrival Hour,99,Unknown EMS Scene Arrival Minutes,99,Unknown,99,Unknown EMS Hospital Arrival Time,1
8,Colorado,80675,1,1,1,1,0,0,0,31,DENVER (31),600,DENVER,12,December,18,18,1,Sunday,2022,16,4:00pm-4:59pm,39,39,N MEADE ST,NA,6,Local Street - Municipality,2,Urban,7,Local,4,City or Municipal Highway Agency,0,This section IS NOT on the NHS,0,No Special Jurisdiction,0,None,39.72232778,39.72232778,-105.03607778,-105.03607778,8,Pedestrian,0,The First Harmful Event was Not a Collision with a Motor Vehicle in Transport,0,No,1,Non-Junction,1,Not an Intersection,1,On Roadway,0,None,2,Dark - Not Lighted,1,Clear,0,No,0000000,Not Applicable,16,4:00pm-4:59pm,39,39,16,4:00pm-4:59pm,48,48,88,Not Applicable (Not Transported),88,Not Applicable (Not Transported),1
8,Colorado,80676,0,0,2,2,0,2,2,59,JEFFERSON (59),1435,LAKEWOOD,12,December,24,24,7,Saturday,2022,13,1:00pm-1:59pm,1,1,US-40   W COLFAX AVE,DEPEW ST,2,US Highway,2,Urban,3,Principal Arterial - Other,1,State Highway Agency,1,This section IS ON the NHS,0,No Special Jurisdiction,2940,2940,39.74038333,39.74038333,-105.05792222,-105.05792222,12,Motor Vehicle In-Transport,6,Angle,0,No,2,Intersection,2,Four-Way Intersection,1,On Roadway,0,None,1,Daylight,1,Clear,0,No,0000000,Not Applicable,13,1:00pm-1:59pm,4,4,13,1:00pm-1:59pm,11,11,13,1:00pm-1:59pm,32,32,1
8,Colorado,80677,1,1,1,1,0,1,1,59,JEFFERSON (59),1435,LAKEWOOD,12,December,24,24,7,Saturday,2022,19,7:00pm-7:59pm,35,35,W FLORIDA AVE,NA,6,Local Street - Municipality,2,Urban,5,Major Collector,4,City or Municipal Highway Agency,0,This section IS NOT on the NHS,0,No Special Jurisdiction,0,None,39.68948333,39.68948333,-105.05976111,-105.05976111,8,Pedestrian,0,The First Harmful Event was Not a Collision with a Motor Vehicle in Transport,0,No,1,Non-Junction,1,Not an Intersection,1,On Roadway,0,None,2,Dark - Not Lighted,1,Clear,0,No,0000000,Not Applicable,19,7:00pm-7:59pm,36,36,19,7:00pm-7:59pm,40,40,88,Not Applicable (Not Transported),88,Not Applicable (Not Transported),1
8,Colorado,80678,0,0,2,2,0,11,11,41,EL PASO (41),0,NOT APPLICABLE,12,December,24,24,7,Saturday,2022,23,11:00pm-11:59pm,26,26,US-24,CR-CONSTITUTION AVE,2,US Highway,2,Urban,3,Principal Arterial - Other,1,State Highway Agency,1,This section IS ON the NHS,0,No Special Jurisdiction,3146,3146,38.86397222,38.86397222,-104.66363333,-104.66363333,12,Motor Vehicle In-Transport,6,Angle,0,No,2,Intersection,3,T-Intersection,1,On Roadway,0,None,3,Dark - Lighted,1,Clear,0,No,0000000,Not Applicable,99,Unknown,99,Unknown,99,Unknown EMS Scene Arrival Hour,99,Unknown EMS Scene Arrival Minutes,99,Unknown,99,Unknown EMS Hospital Arrival Time,1
8,Colorado,80679,0,0,1,1,0,1,1,1,ADAMS (1),434,COMMERCE CITY,12,December,26,26,2,Monday,2022,0,0:00am-0:59am,49,49,E 120TH AVE,E-470 SB ON-RAMP,6,Local Street - Municipality,2,Urban,3,Principal Arterial - Other,1,State Highway Agency,1,This section IS ON the NHS,0,No Special Jurisdiction,0,None,39.91416667,39.91416667,-104.78315833,-104.78315833,46,Traffic Signal Support,0,The First Harmful Event was Not a Collision with a Motor Vehicle in Transport,1,Yes,3,Intersection-Related,2,Four-Way Intersection,4,On Roadside,0,None,3,Dark - Lighted,1,Clear,0,No,0000000,Not Applicable,0,0:00am-0:59am,49,49,0,0:00am-0:59am,54,54,1,1:00am-1:59am,22,22,1
8,Colorado,80680,0,0,1,1,0,1,1,123,WELD (123),0,NOT APPLICABLE,12,December,25,25,1,Sunday,2022,19,7:00pm-7:59pm,18,18,CR-17,CR-50,4,County Road,1,Rural,5,Major Collector,2,County Highway Agency,0,This section IS NOT on the NHS,0,No Special Jurisdiction,0,None,40.34911944,40.34911944,-104.90600278,-104.90600278,35,Embankment,0,The First Harmful Event was Not a Collision with a Motor Vehicle in Transport,0,No,3,Intersection-Related,3,T-Intersection,5,Outside Trafficway,0,None,2,Dark - Not Lighted,1,Clear,0,No,0000000,Not Applicable,15,3:00pm-3:59pm,55,55,16,4:00pm-4:59pm,2,2,88,Not Applicable (Not Transported),88,Not Applicable (Not Transported),1
8,Colorado,80681,1,1,1,1,0,1,1,1,ADAMS (1),2550,WESTMINSTER,12,December,29,29,5,Thursday,2022,19,7:00pm-7:59pm,53,53,W 92ND AVE,NA,6,Local Street - Municipality,2,Urban,3,Principal Arterial - Other,4,City or Municipal Highway Agency,1,This section IS ON the NHS,0,No Special Jurisdiction,0,None,39.86345556,39.86345556,-105.04592222,-105.04592222,8,Pedestrian,0,The First Harmful Event was Not a Collision with a Motor Vehicle in Transport,0,No,1,Non-Junction,1,Not an Intersection,1,On Roadway,0,None,3,Dark - Lighted,1,Clear,0,No,0000000,Not Applicable,19,7:00pm-7:59pm,53,53,19,7:00pm-7:59pm,58,58,88,Not Applicable (Not Transported),88,Not Applicable (Not Transported),1
8,Colorado,80682,0,0,1,1,0,1,1,1,ADAMS (1),230,BRIGHTON,12,December,31,31,7,Saturday,2022,18,6:00pm-6:59pm,30,30,N 18TH AVE,NA,6,Local Street - Municipality,2,Urban,7,Local,4,City or Municipal Highway Agency,0,This section IS NOT on the NHS,0,No Special Jurisdiction,0,None,39.98704444,39.98704444,-104.80070556,-104.80070556,42,Tree (Standing Only),0,The First Harmful Event was Not a Collision with a Motor Vehicle in Transport,0,No,1,Non-Junction,1,Not an Intersection,4,On Roadside,0,None,3,Dark - Lighted,1,Clear,0,No,0000000,Not Applicable,18,6:00pm-6:59pm,30,30,18,6:00pm-6:59pm,34,34,18,6:00pm-6:59pm,47,47,1
8,Colorado,80683,1,1,1,1,0,2,2,5,ARAPAHOE (5),110,AURORA,12,December,31,31,7,Saturday,2022,21,9:00pm-9:59pm,53,53,I-225,NA,1,Interstate,2,Urban,1,Interstate,1,State Highway Agency,1,This section IS ON the NHS,0,No Special Jurisdiction,95,95,39.73336944,39.73336944,-104.82527778,-104.82527778,8,Pedestrian,0,The First Harmful Event was Not a Collision with a Motor Vehicle in Transport,0,No,1,Non-Junction,1,Not an Intersection,1,On Roadway,0,None,3,Dark - Lighted,1,Clear,0,No,0000000,Not Applicable,21,9:00pm-9:59pm,54,54,21,9:00pm-9:59pm,59,59,22,10:00pm-10:59pm,6,6,1
8,Colorado,80684,0,0,1,1,0,1,1,101,PUEBLO (101),2052,PUEBLO WEST,12,December,31,31,7,Saturday,2022,1,1:00am-1:59am,30,30,CR-S MCCULOCH BLVD W,NA,4,County Road,2,Urban,4,Minor Arterial,2,County Highway Agency,0,This section IS NOT on the NHS,0,No Special Jurisdiction,0,None,38.31113889,38.31113889,-104.79130556,-104.79130556,34,Ditch,0,The First Harmful Event was Not a Collision with a Motor Vehicle in Transport,0,No,1,Non-Junction,1,Not an Intersection,4,On Roadside,0,None,2,Dark - Not Lighted,1,Clear,0,No,0000000,Not Applicable,1,1:00am-1:59am,33,33,1,1:00am-1:59am,43,43,88,Not Applicable (Not Transported),88,Not Applicable (Not Transported),1
8,Colorado,80685,1,1,1,1,0,4,4,41,EL PASO (41),430,COLORADO SPRINGS,12,December,23,23,6,Friday,2022,18,6:00pm-6:59pm,28,28,S NEVADA AVE,NA,6,Local Street - Municipality,2,Urban,3,Principal Arterial - Other,4,City or Municipal Highway Agency,1,This section IS ON the NHS,0,No Special Jurisdiction,0,None,38.81651111,38.81651111,-104.82229722,-104.82229722,8,Pedestrian,0,The First Harmful Event was Not a Collision with a Motor Vehicle in Transport,0,No,1,Non-Junction,1,Not an Intersection,1,On Roadway,0,None,3,Dark - Lighted,1,Clear,0,No,0000000,Not Applicable,18,6:00pm-6:59pm,31,31,18,6:00pm-6:59pm,34,34,18,6:00pm-6:59pm,44,44,1
8,Colorado,80686,0,0,1,1,0,1,1,31,DENVER (31),600,DENVER,12,December,26,26,2,Monday,2022,22,10:00pm-10:59pm,21,21,I-70 RAMP K,NA,1,Interstate,2,Urban,1,Interstate,1,State Highway Agency,1,This section IS ON the NHS,0,No Special Jurisdiction,2743,2743,39.77963889,39.77963889,-104.98570556,-104.98570556,25,Concrete Traffic Barrier,0,The First Harmful Event was Not a Collision with a Motor Vehicle in Transport,1,Yes,5,Entrance/Exit Ramp Related,1,Not an Intersection,10,Separator,0,None,3,Dark - Lighted,1,Clear,0,No,0000000,Not Applicable,22,10:00pm-10:59pm,22,22,22,10:00pm-10:59pm,33,33,22,10:00pm-10:59pm,49,49,1
8,Colorado,80687,0,0,1,1,0,2,2,41,EL PASO (41),430,COLORADO SPRINGS,12,December,28,28,4,Wednesday,2022,2,2:00am-2:59am,15,15,N NEVADA AVE,NA,6,Local Street - Municipality,2,Urban,3,Principal Arterial - Other,4,City or Municipal Highway Agency,1,This section IS ON the NHS,0,No Special Jurisdiction,0,None,38.85655556,38.85655556,-104.82057222,-104.82057222,33,Curb,0,The First Harmful Event was Not a Collision with a Motor Vehicle in Transport,0,No,1,Non-Junction,1,Not an Intersection,3,On Median,0,None,3,Dark - Lighted,1,Clear,0,No,0000000,Not Applicable,2,2:00am-2:59am,15,15,2,2:00am-2:59am,24,24,99,Unknown,99,Unknown EMS Hospital Arrival Time,1
8,Colorado,80688,1,1,1,1,0,1,1,31,DENVER (31),600,DENVER,12,December,18,18,1,Sunday,2022,14,2:00pm-2:59pm,23,23,US-287   N FEDERAL BLVD,W 35TH AVE,2,US Highway,2,Urban,3,Principal Arterial - Other,1,State Highway Agency,1,This section IS ON the NHS,0,No Special Jurisdiction,2845,2845,39.76556389,39.76556389,-105.025325,-105.025325,9,Pedalcyclist,0,The First Harmful Event was Not a Collision with a Motor Vehicle in Transport,0,No,2,Intersection,2,Four-Way Intersection,1,On Roadway,0,None,1,Daylight,1,Clear,0,No,0000000,Not Applicable,14,2:00pm-2:59pm,23,23,14,2:00pm-2:59pm,32,32,99,Unknown,99,Unknown EMS Hospital Arrival Time,1
8,Colorado,80689,0,0,1,1,0,1,1,59,JEFFERSON (59),0,NOT APPLICABLE,12,December,20,20,3,Tuesday,2022,19,7:00pm-7:59pm,18,18,I-70,NA,1,Interstate,2,Urban,1,Interstate,1,State Highway Agency,1,This section IS ON the NHS,0,No Special Jurisdiction,2594,2594,39.70652778,39.70652778,-105.19829444,-105.19829444,25,Concrete Traffic Barrier,0,The First Harmful Event was Not a Collision with a Motor Vehicle in Transport,1,Yes,19,Other location within Interchange Area,1,Not an Intersection,10,Separator,0,None,3,Dark - Lighted,1,Clear,0,No,0000000,Not Applicable,99,Unknown,99,Unknown,99,Unknown EMS Scene Arrival Hour,99,Unknown EMS Scene Arrival Minutes,99,Unknown,99,Unknown EMS Hospital Arrival Time,1
8,Colorado,80690,0,0,2,2,0,3,3,5,ARAPAHOE (5),110,AURORA,12,December,24,24,7,Saturday,2022,20,8:00pm-8:59pm,30,30,S ABILENE ST,E JEWELL AVE,6,Local Street - Municipality,2,Urban,5,Major Collector,4,City or Municipal Highway Agency,0,This section IS NOT on the NHS,0,No Special Jurisdiction,0,None,39.682,39.682,-104.82827778,-104.82827778,12,Motor Vehicle In-Transport,6,Angle,0,No,2,Intersection,3,T-Intersection,1,On Roadway,0,None,3,Dark - Lighted,1,Clear,0,No,0000000,Not Applicable,20,8:00pm-8:59pm,35,35,20,8:00pm-8:59pm,36,36,20,8:00pm-8:59pm,51,51,1
8,Colorado,80691,1,1,1,1,0,1,1,31,DENVER (31),600,DENVER,12,December,9,9,6,Friday,2022,20,8:00pm-8:59pm,31,31,SR-95   N SHERIDAN BLVD,W 38TH AVE,3,State Highway,2,Urban,3,Principal Arterial - Other,1,State Highway Agency,1,This section IS ON the NHS,0,No Special Jurisdiction,80,80,39.76923056,39.76923056,-105.05318611,-105.05318611,9,Pedalcyclist,0,The First Harmful Event was Not a Collision with a Motor Vehicle in Transport,0,No,3,Intersection-Related,2,Four-Way Intersection,1,On Roadway,0,None,3,Dark - Lighted,1,Clear,0,No,0000000,Not Applicable,20,8:00pm-8:59pm,32,32,20,8:00pm-8:59pm,35,35,88,Not Applicable (Not Transported),88,Not Applicable (Not Transported),1
8,Colorado,80692,0,0,2,2,0,3,3,5,ARAPAHOE (5),110,AURORA,6,June,20,20,2,Monday,2022,23,11:00pm-11:59pm,24,24,S PEORIA ST,E ALAMEDA AVE,6,Local Street - Municipality,2,Urban,3,Principal Arterial - Other,4,City or Municipal Highway Agency,1,This section IS ON the NHS,0,No Special Jurisdiction,0,None,39.71127222,39.71127222,-104.84713889,-104.84713889,12,Motor Vehicle In-Transport,6,Angle,0,No,2,Intersection,2,Four-Way Intersection,1,On Roadway,0,None,3,Dark - Lighted,1,Clear,0,No,0000000,Not Applicable,23,11:00pm-11:59pm,25,25,23,11:00pm-11:59pm,40,40,99,Unknown,99,Unknown EMS Hospital Arrival Time,1
8,Colorado,80693,0,0,3,3,0,5,5,1,ADAMS (1),110,AURORA,7,July,16,16,7,Saturday,2022,11,11:00am-11:59am,52,52,N AIRPORT RD,E 40TH AVE,6,Local Street - Municipality,2,Urban,3,Principal Arterial - Other,4,City or Municipal Highway Agency,1,This section IS ON the NHS,0,No Special Jurisdiction,0,None,39.77273333,39.77273333,-104.78988889,-104.78988889,12,Motor Vehicle In-Transport,6,Angle,1,Yes,2,Intersection,2,Four-Way Intersection,1,On Roadway,0,None,1,Daylight,1,Clear,0,No,0000000,Not Applicable,11,11:00am-11:59am,52,52,11,11:00am-11:59am,55,55,99,Unknown,99,Unknown EMS Hospital Arrival Time,1
8,Colorado,80694,1,1,1,1,0,1,1,5,ARAPAHOE (5),110,AURORA,9,September,21,21,4,Wednesday,2022,20,8:00pm-8:59pm,13,13,N CHAMBERS RD,E 12TH AVE,6,Local Street - Municipality,2,Urban,3,Principal Arterial - Other,4,City or Municipal Highway Agency,1,This section IS ON the NHS,0,No Special Jurisdiction,0,None,39.73575556,39.73575556,-104.80997222,-104.80997222,8,Pedestrian,0,The First Harmful Event was Not a Collision with a Motor Vehicle in Transport,0,No,3,Intersection-Related,2,Four-Way Intersection,1,On Roadway,0,None,3,Dark - Lighted,2,Rain,0,No,0000000,Not Applicable,20,8:00pm-8:59pm,13,13,20,8:00pm-8:59pm,17,17,20,8:00pm-8:59pm,26,26,1
8,Colorado,80695,0,0,2,2,0,3,3,77,MESA (77),1040,GRAND JUNCTION,10,October,23,23,1,Sunday,2022,18,6:00pm-6:59pm,4,4,US-50,NA,2,US Highway,2,Urban,3,Principal Arterial - Other,1,State Highway Agency,1,This section IS ON the NHS,0,No Special Jurisdiction,331,331,39.04688333,39.04688333,-108.56311111,-108.56311111,12,Motor Vehicle In-Transport,6,Angle,0,No,8,Driveway Access Related,1,Not an Intersection,1,On Roadway,0,None,5,Dusk,2,Rain,0,No,0000000,Not Applicable,18,6:00pm-6:59pm,4,4,18,6:00pm-6:59pm,12,12,99,Unknown,99,Unknown EMS Hospital Arrival Time,1
8,Colorado,80696,1,1,1,1,0,1,1,117,SUMMIT (117),930,FRISCO,12,December,6,6,3,Tuesday,2022,20,8:00pm-8:59pm,12,12,SR-9   N SUMMIT BLVD,NA,3,State Highway,2,Urban,3,Principal Arterial - Other,1,State Highway Agency,1,This section IS ON the NHS,0,No Special Jurisdiction,966,966,39.58527778,39.58527778,-106.09444444,-106.09444444,8,Pedestrian,0,The First Harmful Event was Not a Collision with a Motor Vehicle in Transport,0,No,1,Non-Junction,1,Not an Intersection,1,On Roadway,0,None,2,Dark - Not Lighted,1,Clear,0,No,0000000,Not Applicable,20,8:00pm-8:59pm,12,12,20,8:00pm-8:59pm,14,14,20,8:00pm-8:59pm,30,30,1
8,Colorado,80697,2,2,1,1,0,1,1,31,DENVER (31),600,DENVER,11,November,12,12,7,Saturday,2022,4,4:00am-4:59am,26,26,15TH ST,STOUT ST,6,Local Street - Municipality,2,Urban,4,Minor Arterial,4,City or Municipal Highway Agency,0,This section IS NOT on the NHS,0,No Special Jurisdiction,0,None,39.74496667,39.74496667,-104.99438889,-104.99438889,8,Pedestrian,0,The First Harmful Event was Not a Collision with a Motor Vehicle in Transport,0,No,3,Intersection-Related,2,Four-Way Intersection,1,On Roadway,0,None,3,Dark - Lighted,1,Clear,0,No,0000000,Not Applicable,4,4:00am-4:59am,26,26,4,4:00am-4:59am,30,30,4,4:00am-4:59am,45,45,1
8,Colorado,80698,1,1,1,1,0,1,1,31,DENVER (31),600,DENVER,6,June,18,18,7,Saturday,2022,0,0:00am-0:59am,30,30,SR-2   N COLORADO BLVD,NA,3,State Highway,2,Urban,3,Principal Arterial - Other,1,State Highway Agency,1,This section IS ON the NHS,0,No Special Jurisdiction,60,60,39.74033889,39.74033889,-104.94060278,-104.94060278,8,Pedestrian,0,The First Harmful Event was Not a Collision with a Motor Vehicle in Transport,0,No,1,Non-Junction,1,Not an Intersection,1,On Roadway,0,None,3,Dark - Lighted,1,Clear,0,No,0000000,Not Applicable,0,0:00am-0:59am,30,30,0,0:00am-0:59am,33,33,0,0:00am-0:59am,45,45,1
8,Colorado,80699,0,0,1,1,0,2,2,9,BACA (9),2350,SPRINGFIELD,5,May,29,29,1,Sunday,2022,5,5:00am-5:59am,41,41,TREVOR WAY,TY ROAD,5,Local Street - Township,1,Rural,7,Local,3,Town or Township Highway Agency,0,This section IS NOT on the NHS,0,No Special Jurisdiction,0,None,37.38986111,37.38986111,-102.61413889,-102.61413889,1,Rollover/Overturn,0,The First Harmful Event was Not a Collision with a Motor Vehicle in Transport,0,No,3,Intersection-Related,10,L-Intersection,4,On Roadside,0,None,4,Dawn,1,Clear,0,No,0000000,Not Applicable,5,5:00am-5:59am,43,43,6,6:00am-6:59am,12,12,99,Unknown,99,Unknown EMS Hospital Arrival Time,1
8,Colorado,80700,0,0,2,2,0,2,2,69,LARIMER (69),860,FORT COLLINS,9,September,26,26,2,Monday,2022,13,1:00pm-1:59pm,59,59,E MULBERRY ST,PETERSON ST,6,Local Street - Municipality,2,Urban,4,Minor Arterial,4,City or Municipal Highway Agency,0,This section IS NOT on the NHS,0,No Special Jurisdiction,0,None,40.58143611,40.58143611,-105.07194444,-105.07194444,12,Motor Vehicle In-Transport,6,Angle,0,No,2,Intersection,2,Four-Way Intersection,1,On Roadway,0,None,1,Daylight,1,Clear,0,No,0000000,Not Applicable,13,1:00pm-1:59pm,59,59,14,2:00pm-2:59pm,1,1,88,Not Applicable (Not Transported),88,Not Applicable (Not Transported),1
8,Colorado,80701,0,0,1,1,0,4,4,31,DENVER (31),600,DENVER,11,November,13,13,1,Sunday,2022,4,4:00am-4:59am,51,51,US-85   S SANTA FE DR,NA,2,US Highway,2,Urban,2,Principal Arterial - Other Freeways and Expressways,1,State Highway Agency,1,This section IS ON the NHS,0,No Special Jurisdiction,2095,2095,39.6904,39.6904,-104.99232778,-104.99232778,33,Curb,0,The First Harmful Event was Not a Collision with a Motor Vehicle in Transport,0,No,1,Non-Junction,1,Not an Intersection,4,On Roadside,0,None,3,Dark - Lighted,1,Clear,0,No,0000000,Not Applicable,4,4:00am-4:59am,53,53,5,5:00am-5:59am,6,6,99,Unknown,99,Unknown EMS Hospital Arrival Time,1
8,Colorado,80702,0,0,1,1,0,1,1,85,MONTROSE (85),1700,MONTROSE,12,December,20,20,3,Tuesday,2022,22,10:00pm-10:59pm,0,0,6450 ROAD,NA,6,Local Street - Municipality,2,Urban,5,Major Collector,4,City or Municipal Highway Agency,0,This section IS NOT on the NHS,0,No Special Jurisdiction,0,None,38.4897,38.4897,-107.88455833,-107.88455833,17,Boulder,0,The First Harmful Event was Not a Collision with a Motor Vehicle in Transport,0,No,1,Non-Junction,1,Not an Intersection,4,On Roadside,0,None,2,Dark - Not Lighted,1,Clear,0,No,0000000,Not Applicable,22,10:00pm-10:59pm,2,2,22,10:00pm-10:59pm,6,6,22,10:00pm-10:59pm,14,14,1